Area ID,Area Name,Battle Type,Doll ID,Type,Name,Affection,Oathed,Skill1,Skill2,Equip1,Equip2,Equip3,Combat Effectiveness,Predicted Damage,Rank
714,Elementary4,Night,20055,AR,M4A1 Mod,200,1,10,10,Optical,HV Round,Exclusive,8492,743,1
714,Elementary4,Night,183,HG,Contender,100,0,10,0,RMR Red Dot,AP Round,X-Exo,4860,668,2
714,Elementary4,Night,20065,AR,416 Mod,100,0,10,10,Exclusive,HV Round,Exclusive,7162,626,3
714,Elementary4,Night,20097,HG,M950A Mod,100,0,10,10,Exclusive,HP Round,X-Exo,4419,607,4
714,Elementary4,Night,213,SMG,C-MS,100,0,10,0,Chip,AP Round,Red Dot,7951,596,5
714,Elementary4,Night,54,AR,M16A1,100,0,10,0,HV Round,Armor Plate,Exclusive,6668,583,6
714,Elementary4,Night,20007,HG,Stechkin Mod,100,0,10,10,RMR Red Dot,HP Round,Exclusive,4200,577,7
714,Elementary4,Night,20057,AR,ST AR-15 Mod,200,1,10,10,Optical,RMR Red Dot,Exclusive,6406,560,8
714,Elementary4,Night,62,AR,Gr G41,100,0,10,0,Optical,HV Round,Exclusive,6339,554,9
714,Elementary4,Night,20001,HG,SAA Mod,100,0,10,10,Exclusive,HP Round,T-Exo,3998,549,10
714,Elementary4,Night,206,AR,AK-12,100,0,10,0,Holographic,HV Round,Chip,6249,546,11
714,Elementary4,Night,1027,AR,Angelica,100,0,10,0,Optical,HV Round,Exclusive,6211,543,12
714,Elementary4,Night,10,HG,PPK,100,0,8,0,Exclusive,HP Round,X-Exo,3283,541,13
714,Elementary4,Night,205,AR,AN-94,100,0,10,0,Holographic,HV Round,Chip,6193,541,14
714,Elementary4,Night,20064,AR,Gr G36 Mod,100,0,10,10,Red Dot,HV Round,Chip,6138,537,15
714,Elementary4,Night,242,HG,P22,100,0,10,0,RMR Red Dot,HP Round,X-Exo,3902,536,16
714,Elementary4,Night,20026,SMG,Gr MP5 Mod,100,0,10,10,Exclusive,HP Round,Exclusive,7121,534,17
714,Elementary4,Night,115,SMG,Suomi,100,0,4,0,Chip,HP Round,Red Dot,5924,533,18
714,Elementary4,Night,294,HG,Webley,92.2638,0,10,0,Silencer,HP Round,T-Exo,3859,530,19
714,Elementary4,Night,122,AR,Gr G11,100,0,10,0,Holographic,HV Round,Chip,6046,529,20
714,Elementary4,Night,20032,SMG,Micro Uzi Mod,100,0,10,10,Chip,HP Round,Exclusive,7061,529,21
714,Elementary4,Night,250,HG,HS2000,100,0,10,0,RMR Red Dot,HP Round,X-Exo,3839,527,22
714,Elementary4,Night,20056,AR,M4 SOPMOD II Mod,100,0,10,10,Optical,RMR Red Dot,HV Round,6004,525,23
714,Elementary4,Night,20221,HG,GSh-18 Mod,100,0,10,1,RMR Red Dot,HP Round,X-Exo,3818,524,24
714,Elementary4,Night,73,AR,AUG,100,0,8,0,Holographic,HV Round,Chip,5989,524,25
714,Elementary4,Night,260,HG,PA-15,100,0,10,0,RMR Red Dot,HP Round,X-Exo,3808,523,26
714,Elementary4,Night,285,HG,C-93,100,0,10,0,RMR Red Dot,HP Round,X-Exo,3805,523,27
714,Elementary4,Night,114,HG,Welrod MkⅡ,100,0,10,0,Silencer,HP Round,T-Exo,3798,522,28
714,Elementary4,Night,272,HG,Desert Eagle,100,0,10,0,RMR Red Dot,HP Round,X-Exo,3803,522,29
714,Elementary4,Night,289,AR,R5,92.4156,0,8,0,Holographic,HV Round,Chip,5974,522,30
714,Elementary4,Night,20060,AR,AS Val Mod,100,0,10,8,Holographic,HV Round,Chip,5965,521,31
714,Elementary4,Night,236,AR,K11,100,0,10,0,Holographic,HV Round,Chip,5958,521,32
714,Elementary4,Night,303,HG,HP-35,100,0,10,0,RMR Red Dot,HP Round,X-Exo,3795,521,33
714,Elementary4,Night,215,AR,MDR,100,0,10,0,Red Dot,HV Round,Chip,5939,519,34
714,Elementary4,Night,96,HG,Grizzly,100,0,10,0,RMR Red Dot,HP Round,T-Exo,3771,518,35
714,Elementary4,Night,20101,SMG,UMP9 Mod,100,0,10,10,Chip,HP Round,Exclusive,6915,518,36
714,Elementary4,Night,194,AR,K2,100,0,10,0,Holographic,HV Round,Chip,5908,516,37
714,Elementary4,Night,172,AR,Am RFB,100,0,10,0,Exclusive,HV Round,Chip,5883,514,38
714,Elementary4,Night,4,HG,Python,100,0,10,0,Silencer,HP Round,T-Exo,3739,514,39
714,Elementary4,Night,293,AR,AK-15,74.8405,0,8,0,Red Dot,HV Round,Chip,5872,513,40
714,Elementary4,Night,233,HG,Px4 Storm,100,0,10,0,Silencer,HP Round,X-Exo,3726,512,41
714,Elementary4,Night,27,SMG,Skorpion,100,0,8,0,Chip,HP Round,Red Dot,5672,510,42
714,Elementary4,Night,119,AR,OTs-14,100,0,10,0,Holographic,HV Round,Chip,5792,506,43
714,Elementary4,Night,306,AR,AK-Alfa,100,0,1,0,Holographic,HV Round,Chip,5786,506,44
714,Elementary4,Night,142,HG,Five-seven,100,0,10,0,Silencer,HP Round,X-Exo,3674,505,45
714,Elementary4,Night,1029,AR,Agent 416,100,0,10,0,Red Dot,HV Round,Chip,5779,505,46
714,Elementary4,Night,196,AR,Zas M21,100,0,8,0,Red Dot,HV Round,Chip,5762,504,47
714,Elementary4,Night,20005,HG,M1895 Mod,100,0,10,10,Silencer,HP Round,T-Exo,3651,502,48
714,Elementary4,Night,20002,HG,M1911 Mod,100,0,8,10,Silencer,Exclusive,T-Exo,3615,497,49
714,Elementary4,Night,20091,HG,MP-446 Mod,100,0,10,10,Silencer,HP Round,X-Exo,3609,496,50
714,Elementary4,Night,1009,HG,El Clear,100,0,10,0,Silencer,HP Round,X-Exo,3586,493,51
714,Elementary4,Night,1010,HG,El Fail,100,0,10,0,Silencer,HP Round,X-Exo,3586,493,52
714,Elementary4,Night,126,HG,NZ75,100,0,1,0,Exclusive,HP Round,X-Exo,3562,489,53
714,Elementary4,Night,99,HG,Gr Mk23,100,0,10,0,Silencer,HP Round,T-Exo,3539,486,54
714,Elementary4,Night,269,HG,Gr P30,100,0,10,0,Silencer,HP Round,T-Exo,3498,480,55
714,Elementary4,Night,212,HG,K5,100,0,10,0,Silencer,HP Round,X-Exo,3487,479,56
714,Elementary4,Night,1023,SMG,Henrietta,100,0,10,0,T-Exo,HP Round,Exclusive,6395,479,57
714,Elementary4,Night,130,AR,Type97,100,0,8,0,Exclusive,HV Round,T-Exo,5368,469,58
714,Elementary4,Night,20103,SMG,UMP45 Mod,100,0,10,10,T-Exo,Flaregun,Exclusive,6217,466,59
714,Elementary4,Night,243,AR,64 Shiki,100,0,1,0,Optical,HV Round,T-Exo,5318,465,60
714,Elementary4,Night,106,AR,FAL,100,0,8,0,Optical,HV Round,T-Exo,5271,461,61
714,Elementary4,Night,245,SMG,P90,100,0,10,0,T-Exo,Flaregun,Holographic,6155,461,62
714,Elementary4,Night,20031,SMG,M38 Mod,100,0,10,10,T-Exo,Flaregun,Exclusive,6150,461,63
714,Elementary4,Night,127,SMG,Type79,100,0,4,0,T-Exo,Exclusive,Red Dot,6124,459,64
714,Elementary4,Night,20071,AR,Galil Mod,100,0,10,2,Optical,HV Round,T-Exo,5188,453,65
714,Elementary4,Night,1028,SMG,Agent Vector,100,0,10,0,T-Exo,Exclusive,Red Dot,6000,450,66
714,Elementary4,Night,287,AR,SIG-556,100,0,1,0,Optical,HV Round,T-Exo,4998,437,67
714,Elementary4,Night,262,AR,EM-2,100,0,10,0,Optical,HV Round,T-Exo,4963,434,68
714,Elementary4,Night,138,AR,6P62,93.5448,0,1,0,Optical,AP Round,T-Exo,4170,364,69
714,Elementary4,Night,20053,RF,NTW-20 Mod,100,0,10,10,Exclusive,Optical,Camo Cloak,7250,362,70
714,Elementary4,Night,261,RF,QBU-88,100,0,10,0,AP Round,Optical,Camo Cloak,7190,359,71
714,Elementary4,Night,20095,RF,Type88 Mod,200,1,10,8,Exclusive,Exclusive,Camo Cloak,7122,356,72
714,Elementary4,Night,20039,RF,Mosin-Nagant Mod,100,0,10,9,AP Round,Optical,Exclusive,6983,349,73
714,Elementary4,Night,20252,RF,KSVK Mod,100,0,6,10,Exclusive,Optical,Camo Cloak,6980,349,74
714,Elementary4,Night,50,RF,Lee Enfield,100,0,10,0,AP Round,Exclusive,Camo Cloak,6968,348,75
714,Elementary4,Night,125,MG,Gr MG4,100,0,8,0,SLAP,Exclusive,Ammo Box,13951,348,76
714,Elementary4,Night,1031,RF,Pekola,100,0,10,0,AP Round,Optical,Exclusive,6968,348,77
714,Elementary4,Night,266,RF,R93,100,0,10,0,AP Round,Optical,Camo Cloak,6957,347,78
714,Elementary4,Night,36,RF,Springfield,100,0,4,0,Exclusive,Optical,Camo Cloak,6911,345,79
714,Elementary4,Night,1024,RF,Rico,100,0,10,0,AP Round,Optical,Exclusive,6907,345,80
714,Elementary4,Night,48,RF,WA2000,100,0,10,0,AP Round,Optical,Camo Cloak,6735,336,81
714,Elementary4,Night,20037,RF,M14 Mod,100,0,10,6,AP Round,Optical,Camo Cloak,6719,335,82
714,Elementary4,Night,296,RF,Gr SL8,100,0,10,0,AP Round,Optical,Camo Cloak,6719,335,83
714,Elementary4,Night,329,RF,SVCh,100,0,10,0,AP Round,Optical,Camo Cloak,6697,334,84
714,Elementary4,Night,204,RF,Ballista,100,0,10,0,AP Round,Optical,Camo Cloak,6661,333,85
714,Elementary4,Night,231,RF,M82A1,100,0,10,0,AP Round,Optical,Camo Cloak,6641,332,86
714,Elementary4,Night,253,MG,Lewis,100,0,10,0,SLAP,Red Dot,Ammo Box,12783,319,87
714,Elementary4,Night,292,MG,RPK-16,100,0,10,0,SLAP,Optical,Ammo Box,12774,319,88
714,Elementary4,Night,173,MG,PKP,100,0,10,0,SLAP,Red Dot,Ammo Box,12362,309,89
714,Elementary4,Night,263,MG,Gr MG36,91.1059,0,1,0,SLAP,Optical,Ammo Box,12346,308,90
714,Elementary4,Night,109,MG,Gr MG5,100,0,8,0,SLAP,Red Dot,Ammo Box,12236,305,91
714,Elementary4,Night,1026,MG,Claes,100,0,1,0,SLAP,Exclusive,Ammo Box,12198,304,92
714,Elementary4,Night,238,MG,QJY-88,100,0,4,0,SLAP,Optical,Ammo Box,12137,303,93
714,Elementary4,Night,20075,MG,M1918 Mod,100,0,8,10,SLAP,Optical,Ammo Box,12100,302,94
714,Elementary4,Night,188,SG,S.A.T.8,100,0,10,0,Armor Plate,Buckshot Shell,Red Dot,8040,301,95
714,Elementary4,Night,275,MG,M1895 CB,100,0,10,0,SLAP,Red Dot,Ammo Box,12029,300,96
714,Elementary4,Night,323,SG,LTLX7000,90.6178,0,10,0,Armor Plate,Buckshot Shell,Red Dot,8007,300,97
714,Elementary4,Night,20081,MG,LWMMG Mod,100,0,8,10,SLAP,Red Dot,Ammo Box,11951,298,98
714,Elementary4,Night,1034,SG,Minos,100,0,2,0,Armor Plate,Buckshot Shell,Exclusive,7931,297,99
714,Elementary4,Night,282,SG,DP-12,100,0,10,0,Armor Plate,Buckshot Shell,Red Dot,7734,290,100
714,Elementary4,Night,281,SG,CAWS,100,0,8,0,Armor Plate,Buckshot Shell,Red Dot,7672,287,101
714,Elementary4,Night,157,SG,Am KSG,100,0,6,0,Armor Plate,Buckshot Shell,Red Dot,7592,284,102
714,Elementary4,Night,20154,SG,M500 Mod,100,0,6,10,Armor Plate,Buckshot Shell,Red Dot,7549,283,103
714,Elementary4,Night,20152,SG,M1897 Mod,100,0,2,7,Armor Plate,Buckshot Shell,Holographic,7284,273,104
714,Elementary4,Night,1025,SG,Triela,100,0,10,0,Armor Plate,Exclusive,Holographic,7228,271,105
714,Elementary4,Night,153,SG,M37,100,0,4,0,Armor Plate,Buckshot Shell,Holographic,6895,258,106
714,Elementary4,Night,159,SG,RMB-93,100,0,1,0,Armor Plate,Buckshot Shell,Holographic,6668,250,107
714,Elementary4,Night,163,SG,AA-12,100,0,10,0,Armor Plate,Exclusive,Holographic,6416,240,108
714,Elementary4,Night,160,SG,Saiga-12,100,0,8,0,Armor Plate,Buckshot Shell,Holographic,6077,227,109
714,Elementary4,Night,164,SG,FP-6,100,0,8,0,Armor Plate,Buckshot Shell,Holographic,6065,227,110
714,Elementary4,Night,276,MG,Kord,100,0,10,0,AP Round,Holographic,Ammo Box,7958,198,111
714,Elementary4,Night,264,MG,Chauchat,88.5464,0,1,0,AP Round,Optical,Ammo Box,7601,190,112
714,Elementary4,Night,199,MG,Type80,100,0,1,0,AP Round,Optical,Ammo Box,7515,187,113
714,Elementary4,Night,85,MG,PK,100,0,8,0,AP Round,Holographic,Ammo Box,7480,187,114
714,Elementary4,Night,78,MG,M60,100,0,1,0,AP Round,Optical,Ammo Box,7343,183,115
714,Elementary4,Night,121,MG,Mk48,100,0,1,0,AP Round,Optical,Ammo Box,7328,183,116
718,Elementary8,Night,20055,AR,M4A1 Mod,200,1,10,10,Optical,HV Round,Exclusive,8492,1167,1
718,Elementary8,Night,73,AR,AUG,100,0,8,0,Holographic,HV Round,Chip,5989,988,2
718,Elementary8,Night,20065,AR,416 Mod,100,0,10,10,Exclusive,HV Round,Exclusive,7162,984,3
718,Elementary8,Night,106,AR,FAL,100,0,8,0,Red Dot,HV Round,Chip,5755,949,4
718,Elementary8,Night,54,AR,M16A1,100,0,10,0,HV Round,Armor Plate,Exclusive,6668,916,5
718,Elementary8,Night,171,AR,Ribeyrolles,100,0,8,0,Red Dot,HV Round,Chip,5448,898,6
718,Elementary8,Night,20057,AR,ST AR-15 Mod,200,1,10,10,Optical,RMR Red Dot,Exclusive,6406,880,7
718,Elementary8,Night,62,AR,Gr G41,100,0,10,0,Optical,HV Round,Exclusive,6339,871,8
718,Elementary8,Night,125,MG,Gr MG4,100,0,8,0,SLAP,Exclusive,Ammo Box,13951,871,9
718,Elementary8,Night,70,AR,FF FNC,100,0,6,0,Red Dot,HV Round,Chip,5224,861,10
718,Elementary8,Night,206,AR,AK-12,100,0,10,0,Holographic,HV Round,Chip,6249,859,11
718,Elementary8,Night,253,MG,Lewis,100,0,10,0,SLAP,RMR Red Dot,Ammo Box,13730,858,12
718,Elementary8,Night,1027,AR,Angelica,100,0,10,0,Optical,HV Round,Exclusive,6211,854,13
718,Elementary8,Night,205,AR,AN-94,100,0,10,0,Holographic,HV Round,Chip,6193,851,14
718,Elementary8,Night,20064,AR,Gr G36 Mod,100,0,10,10,Holographic,HV Round,Chip,6132,843,15
718,Elementary8,Night,292,MG,RPK-16,100,0,10,0,SLAP,RMR Red Dot,Ammo Box,13418,838,16
718,Elementary8,Night,122,AR,Gr G11,100,0,10,0,Holographic,HV Round,Chip,6046,831,17
718,Elementary8,Night,173,MG,PKP,100,0,10,0,SLAP,RMR Red Dot,Ammo Box,13294,830,18
718,Elementary8,Night,20056,AR,M4 SOPMOD II Mod,100,0,10,10,Optical,RMR Red Dot,HV Round,6004,825,19
718,Elementary8,Night,263,MG,Gr MG36,91.1059,0,1,0,SLAP,RMR Red Dot,Ammo Box,13136,821,20
718,Elementary8,Night,289,AR,R5,92.4156,0,8,0,Holographic,HV Round,Chip,5974,821,21
718,Elementary8,Night,20060,AR,AS Val Mod,100,0,10,8,Holographic,HV Round,Chip,5965,820,22
718,Elementary8,Night,236,AR,K11,100,0,10,0,Holographic,HV Round,Chip,5958,819,23
718,Elementary8,Night,109,MG,Gr MG5,100,0,8,0,SLAP,RMR Red Dot,Ammo Box,13072,817,24
718,Elementary8,Night,215,AR,MDR,100,0,10,0,Red Dot,HV Round,Chip,5939,816,25
718,Elementary8,Night,194,AR,K2,100,0,10,0,Holographic,HV Round,Chip,5908,812,26
718,Elementary8,Night,238,MG,QJY-88,100,0,4,0,SLAP,RMR Red Dot,Ammo Box,12981,811,27
718,Elementary8,Night,172,AR,Am RFB,100,0,10,0,Exclusive,HV Round,Chip,5883,808,28
718,Elementary8,Night,293,AR,AK-15,74.8405,0,8,0,Red Dot,HV Round,Chip,5872,807,29
718,Elementary8,Night,20075,MG,M1918 Mod,100,0,8,10,SLAP,RMR Red Dot,Ammo Box,12857,803,30
718,Elementary8,Night,275,MG,M1895 CB,100,0,10,0,SLAP,RMR Red Dot,Ammo Box,12840,802,31
718,Elementary8,Night,20081,MG,LWMMG Mod,100,0,8,10,SLAP,RMR Red Dot,Ammo Box,12782,798,32
718,Elementary8,Night,119,AR,OTs-14,100,0,10,0,Holographic,HV Round,Chip,5792,796,33
718,Elementary8,Night,306,AR,AK-Alfa,100,0,1,0,Holographic,HV Round,Chip,5786,795,34
718,Elementary8,Night,1029,AR,Agent 416,100,0,10,0,Red Dot,HV Round,Chip,5779,794,35
718,Elementary8,Night,243,AR,64 Shiki,100,0,1,0,Red Dot,HV Round,Chip,5771,793,36
718,Elementary8,Night,196,AR,Zas M21,100,0,8,0,Red Dot,HV Round,Chip,5762,792,37
718,Elementary8,Night,276,MG,Kord,100,0,10,0,SLAP,RMR Red Dot,Ammo Box,12638,789,38
718,Elementary8,Night,130,AR,Type97,100,0,8,0,Red Dot,HV Round,Chip,5703,784,39
718,Elementary8,Night,20071,AR,Galil Mod,100,0,10,2,Optical,HV Round,T-Exo,5188,713,40
718,Elementary8,Night,183,HG,Contender,100,0,10,0,Silencer,AP Round,T-Exo,4756,653,41
718,Elementary8,Night,20097,HG,M950A Mod,100,0,10,10,Exclusive,HP Round,X-Exo,4419,607,42
718,Elementary8,Night,138,AR,6P62,93.5448,0,1,0,Optical,AP Round,T-Exo,4170,573,43
718,Elementary8,Night,20007,HG,Stechkin Mod,100,0,10,10,Exclusive,HP Round,Exclusive,4156,571,44
718,Elementary8,Night,213,SMG,C-MS,100,0,10,0,T-Exo,AP Round,Red Dot,7391,554,45
718,Elementary8,Night,20001,HG,SAA Mod,100,0,10,10,Exclusive,HP Round,T-Exo,3998,549,46
718,Elementary8,Night,20026,SMG,Gr MP5 Mod,100,0,10,10,Exclusive,HP Round,Exclusive,7121,534,47
718,Elementary8,Night,242,HG,P22,100,0,10,0,Silencer,HP Round,X-Exo,3865,531,48
718,Elementary8,Night,294,HG,Webley,92.2638,0,10,0,Silencer,HP Round,T-Exo,3859,530,49
718,Elementary8,Night,6,HG,Tokarev,100,0,1,0,Silencer,HP Round,T-Exo,3191,526,50
718,Elementary8,Night,114,HG,Welrod MkⅡ,100,0,10,0,Silencer,HP Round,T-Exo,3798,522,51
718,Elementary8,Night,250,HG,HS2000,100,0,10,0,Silencer,HP Round,X-Exo,3783,520,52
718,Elementary8,Night,303,HG,HP-35,100,0,10,0,Silencer,HP Round,T-Exo,3772,518,53
718,Elementary8,Night,20221,HG,GSh-18 Mod,100,0,10,1,Silencer,HP Round,T-Exo,3761,517,54
718,Elementary8,Night,260,HG,PA-15,100,0,10,0,Silencer,HP Round,X-Exo,3745,514,55
718,Elementary8,Night,4,HG,Python,100,0,10,0,Silencer,HP Round,T-Exo,3739,514,56
718,Elementary8,Night,96,HG,Grizzly,100,0,10,0,Silencer,HP Round,T-Exo,3737,513,57
718,Elementary8,Night,285,HG,C-93,100,0,10,0,Silencer,HP Round,X-Exo,3732,513,58
718,Elementary8,Night,233,HG,Px4 Storm,100,0,10,0,Silencer,HP Round,X-Exo,3726,512,59
718,Elementary8,Night,272,HG,Desert Eagle,100,0,10,0,Silencer,HP Round,T-Exo,3724,512,60
718,Elementary8,Night,1026,MG,Claes,100,0,1,0,AP Round,Exclusive,Ammo Box,8162,510,61
718,Elementary8,Night,20101,SMG,UMP9 Mod,100,0,10,10,T-Exo,HP Round,Exclusive,6768,507,62
718,Elementary8,Night,142,HG,Five-seven,100,0,10,0,Silencer,HP Round,X-Exo,3674,505,63
718,Elementary8,Night,188,SG,S.A.T.8,100,0,10,0,Armor Plate,Buckshot Shell,Red Dot,8040,502,64
718,Elementary8,Night,20005,HG,M1895 Mod,100,0,10,10,Silencer,HP Round,T-Exo,3651,502,65
718,Elementary8,Night,323,SG,LTLX7000,90.6178,0,10,0,Armor Plate,Buckshot Shell,Red Dot,8007,500,66
718,Elementary8,Night,20032,SMG,Micro Uzi Mod,100,0,10,10,T-Exo,HP Round,Exclusive,6644,498,67
718,Elementary8,Night,20002,HG,M1911 Mod,100,0,8,10,Silencer,Exclusive,T-Exo,3615,497,68
718,Elementary8,Night,77,MG,M2HB,100,0,8,0,AP Round,Red Dot,Ammo Box,7951,496,69
718,Elementary8,Night,20091,HG,MP-446 Mod,100,0,10,10,Silencer,HP Round,X-Exo,3609,496,70
718,Elementary8,Night,85,MG,PK,100,0,8,0,AP Round,Red Dot,Ammo Box,7934,495,71
718,Elementary8,Night,1034,SG,Minos,100,0,2,0,Armor Plate,Buckshot Shell,Exclusive,7931,495,72
718,Elementary8,Night,1009,HG,El Clear,100,0,10,0,Silencer,HP Round,X-Exo,3586,493,73
718,Elementary8,Night,1010,HG,El Fail,100,0,10,0,Silencer,HP Round,X-Exo,3586,493,74
718,Elementary8,Night,126,HG,NZ75,100,0,1,0,Exclusive,HP Round,X-Exo,3562,489,75
718,Elementary8,Night,199,MG,Type80,100,0,1,0,AP Round,Red Dot,Ammo Box,7822,488,76
718,Elementary8,Night,99,HG,Gr Mk23,100,0,10,0,Silencer,HP Round,T-Exo,3539,486,77
718,Elementary8,Night,282,SG,DP-12,100,0,10,0,Armor Plate,Buckshot Shell,Red Dot,7734,483,78
718,Elementary8,Night,121,MG,Mk48,100,0,1,0,AP Round,Red Dot,Ammo Box,7687,480,79
718,Elementary8,Night,269,HG,Gr P30,100,0,10,0,Silencer,HP Round,T-Exo,3498,480,80
718,Elementary8,Night,212,HG,K5,100,0,10,0,Silencer,HP Round,X-Exo,3487,479,81
718,Elementary8,Night,1023,SMG,Henrietta,100,0,10,0,T-Exo,HP Round,Exclusive,6395,479,82
718,Elementary8,Night,281,SG,CAWS,100,0,8,0,Armor Plate,Buckshot Shell,Red Dot,7672,479,83
718,Elementary8,Night,245,SMG,P90,100,0,10,0,T-Exo,HP Round,Red Dot,6382,478,84
718,Elementary8,Night,78,MG,M60,100,0,1,0,AP Round,Red Dot,Ammo Box,7633,477,85
718,Elementary8,Night,157,SG,Am KSG,100,0,6,0,Armor Plate,Buckshot Shell,Red Dot,7592,474,86
718,Elementary8,Night,20103,SMG,UMP45 Mod,100,0,10,10,T-Exo,HP Round,Exclusive,6312,473,87
718,Elementary8,Night,20031,SMG,M38 Mod,100,0,10,10,T-Exo,Flaregun,Exclusive,6150,461,88
718,Elementary8,Night,20154,SG,M500 Mod,100,0,6,10,Armor Plate,Buckshot Shell,Holographic,7359,459,89
718,Elementary8,Night,20152,SG,M1897 Mod,100,0,2,7,Armor Plate,Buckshot Shell,Holographic,7284,455,90
718,Elementary8,Night,16,SMG,Thompson,100,0,8,0,T-Exo,Flaregun,Silencer,6058,454,91
718,Elementary8,Night,20136,SMG,PP-19 Mod,100,0,10,7,T-Exo,Flaregun,Holographic,6041,453,92
718,Elementary8,Night,1025,SG,Triela,100,0,10,0,Armor Plate,Exclusive,Holographic,7228,451,93
718,Elementary8,Night,127,SMG,Type79,100,0,4,0,T-Exo,Exclusive,Holographic,5978,448,94
718,Elementary8,Night,1028,SMG,Agent Vector,100,0,10,0,Exclusive,Exclusive,Holographic,5916,443,95
718,Elementary8,Night,153,SG,M37,100,0,4,0,Armor Plate,Buckshot Shell,Holographic,6895,430,96
718,Elementary8,Night,159,SG,RMB-93,100,0,1,0,Armor Plate,Buckshot Shell,Holographic,6668,416,97
718,Elementary8,Night,163,SG,AA-12,100,0,10,0,Armor Plate,Exclusive,Holographic,6416,401,98
718,Elementary8,Night,164,SG,FP-6,100,0,8,0,Armor Plate,Buckshot Shell,Optical,5902,368,99
718,Elementary8,Night,160,SG,Saiga-12,100,0,8,0,Armor Plate,Buckshot Shell,Optical,5824,364,100
718,Elementary8,Night,20053,RF,NTW-20 Mod,100,0,10,10,Exclusive,Optical,Camo Cloak,7250,271,101
718,Elementary8,Night,261,RF,QBU-88,100,0,10,0,AP Round,Optical,Camo Cloak,7190,269,102
718,Elementary8,Night,20095,RF,Type88 Mod,200,1,10,8,Exclusive,Exclusive,Camo Cloak,7122,267,103
718,Elementary8,Night,20039,RF,Mosin-Nagant Mod,100,0,10,9,AP Round,Optical,Exclusive,6983,261,104
718,Elementary8,Night,50,RF,Lee Enfield,100,0,10,0,AP Round,Exclusive,Camo Cloak,6968,261,105
718,Elementary8,Night,1031,RF,Pekola,100,0,10,0,AP Round,Optical,Exclusive,6968,261,106
718,Elementary8,Night,20252,RF,KSVK Mod,100,0,6,10,Exclusive,Optical,Camo Cloak,6980,261,107
718,Elementary8,Night,266,RF,R93,100,0,10,0,AP Round,Optical,Camo Cloak,6957,260,108
718,Elementary8,Night,36,RF,Springfield,100,0,4,0,Exclusive,Optical,Camo Cloak,6911,259,109
718,Elementary8,Night,1024,RF,Rico,100,0,10,0,AP Round,Optical,Exclusive,6907,259,110
718,Elementary8,Night,48,RF,WA2000,100,0,10,0,AP Round,Optical,Camo Cloak,6735,252,111
718,Elementary8,Night,20037,RF,M14 Mod,100,0,10,6,AP Round,Optical,Camo Cloak,6719,251,112
718,Elementary8,Night,296,RF,Gr SL8,100,0,10,0,AP Round,Optical,Camo Cloak,6719,251,113
718,Elementary8,Night,329,RF,SVCh,100,0,10,0,AP Round,Optical,Camo Cloak,6697,251,114
718,Elementary8,Night,231,RF,M82A1,100,0,10,0,AP Round,Optical,Camo Cloak,6641,249,115
718,Elementary8,Night,204,RF,Ballista,100,0,10,0,AP Round,Optical,Camo Cloak,6661,249,116
724,Intermediate4,Night,20055,AR,M4A1 Mod,200,1,10,10,Optical,HV Round,Exclusive,8492,1167,1
724,Intermediate4,Night,213,SMG,C-MS,100,0,10,0,Chip,AP Round,Red Dot,7951,993,2
724,Intermediate4,Night,20065,AR,416 Mod,100,0,10,10,Exclusive,HV Round,Exclusive,7162,984,3
724,Intermediate4,Night,54,AR,M16A1,100,0,10,0,HV Round,Armor Plate,Exclusive,6668,916,4
724,Intermediate4,Night,20026,SMG,Gr MP5 Mod,100,0,10,10,Exclusive,HP Round,Exclusive,7121,890,5
724,Intermediate4,Night,20032,SMG,Micro Uzi Mod,100,0,10,10,Chip,HP Round,Exclusive,7061,882,6
724,Intermediate4,Night,20057,AR,ST AR-15 Mod,200,1,10,10,Optical,RMR Red Dot,Exclusive,6406,880,7
724,Intermediate4,Night,62,AR,Gr G41,100,0,10,0,Optical,HV Round,Exclusive,6339,871,8
724,Intermediate4,Night,20101,SMG,UMP9 Mod,100,0,10,10,Chip,HP Round,Exclusive,6915,864,9
724,Intermediate4,Night,203,SMG,Honey Badger,100,0,8,0,Chip,HP Round,Red Dot,5748,862,10
724,Intermediate4,Night,206,AR,AK-12,100,0,10,0,Holographic,HV Round,Chip,6249,859,11
724,Intermediate4,Night,1027,AR,Angelica,100,0,10,0,Optical,HV Round,Exclusive,6211,854,12
724,Intermediate4,Night,205,AR,AN-94,100,0,10,0,Holographic,HV Round,Chip,6193,851,13
724,Intermediate4,Night,223,AR,Model L,100,0,1,0,Red Dot,HV Round,Chip,5119,844,14
724,Intermediate4,Night,20064,AR,Gr G36 Mod,100,0,10,10,Holographic,HV Round,Chip,6132,843,15
724,Intermediate4,Night,122,AR,Gr G11,100,0,10,0,Holographic,HV Round,Chip,6046,831,16
724,Intermediate4,Night,20056,AR,M4 SOPMOD II Mod,100,0,10,10,Optical,RMR Red Dot,HV Round,6004,825,17
724,Intermediate4,Night,73,AR,AUG,100,0,8,0,Holographic,HV Round,Chip,5989,823,18
724,Intermediate4,Night,245,SMG,P90,100,0,10,0,Chip,HP Round,Red Dot,6581,822,19
724,Intermediate4,Night,1023,SMG,Henrietta,100,0,10,0,Chip,HP Round,Red Dot,6581,822,20
724,Intermediate4,Night,289,AR,R5,92.4156,0,8,0,Holographic,HV Round,Chip,5974,821,21
724,Intermediate4,Night,20060,AR,AS Val Mod,100,0,10,8,Holographic,HV Round,Chip,5965,820,22
724,Intermediate4,Night,236,AR,K11,100,0,10,0,Holographic,HV Round,Chip,5958,819,23
724,Intermediate4,Night,215,AR,MDR,100,0,10,0,Red Dot,HV Round,Chip,5939,816,24
724,Intermediate4,Night,194,AR,K2,100,0,10,0,Holographic,HV Round,Chip,5908,812,25
724,Intermediate4,Night,172,AR,Am RFB,100,0,10,0,Exclusive,HV Round,Chip,5883,808,26
724,Intermediate4,Night,293,AR,AK-15,74.8405,0,8,0,Red Dot,HV Round,Chip,5872,807,27
724,Intermediate4,Night,20136,SMG,PP-19 Mod,100,0,10,7,Chip,HP Round,Red Dot,6413,801,28
724,Intermediate4,Night,259,SMG,PM-9,100,0,8,0,Chip,HP Round,Red Dot,6391,798,29
724,Intermediate4,Night,20103,SMG,UMP45 Mod,100,0,10,10,T-Exo,HP Round,Exclusive,6312,789,30
724,Intermediate4,Night,20031,SMG,M38 Mod,100,0,10,10,T-Exo,HP Round,Exclusive,6280,785,31
724,Intermediate4,Night,16,SMG,Thompson,100,0,8,0,T-Exo,HP Round,Red Dot,6250,781,32
724,Intermediate4,Night,127,SMG,Type79,100,0,4,0,T-Exo,Exclusive,Red Dot,6124,765,33
724,Intermediate4,Night,28,SMG,Gr MP7,100,0,10,0,T-Exo,HP Round,Red Dot,6088,761,34
724,Intermediate4,Night,234,SMG,JS 9,100,0,10,0,T-Exo,HP Round,Red Dot,6083,760,35
724,Intermediate4,Night,143,SMG,RO635,100,0,10,0,T-Exo,HP Round,Red Dot,6064,758,36
724,Intermediate4,Night,104,SMG,Gr G36c,100,0,10,0,T-Exo,HP Round,Red Dot,6012,751,37
724,Intermediate4,Night,20,SMG,Vector,100,0,10,0,T-Exo,HP Round,Red Dot,6000,750,38
724,Intermediate4,Night,1028,SMG,Agent Vector,100,0,10,0,T-Exo,HP Round,Red Dot,6000,750,39
724,Intermediate4,Night,251,SMG,X95,100,0,8,0,T-Exo,HP Round,Red Dot,5991,748,40
724,Intermediate4,Night,130,AR,Type97,100,0,8,0,Exclusive,HV Round,T-Exo,5368,738,41
724,Intermediate4,Night,115,SMG,Suomi,100,0,4,0,T-Exo,HP Round,Red Dot,5890,736,42
724,Intermediate4,Night,135,SMG,SR-3MP,100,0,8,0,T-Exo,HP Round,Red Dot,5891,736,43
724,Intermediate4,Night,243,AR,64 Shiki,100,0,1,0,Optical,HV Round,T-Exo,5318,731,44
724,Intermediate4,Night,20029,SMG,STEN MkⅡ Mod,100,0,1,0,T-Exo,HP Round,Red Dot,5822,727,45
724,Intermediate4,Night,1029,AR,Agent 416,100,0,10,0,Optical,HV Round,T-Exo,5273,725,46
724,Intermediate4,Night,306,AR,AK-Alfa,100,0,1,0,Optical,HV Round,T-Exo,5279,725,47
724,Intermediate4,Night,106,AR,FAL,100,0,8,0,Optical,HV Round,T-Exo,5271,724,48
724,Intermediate4,Night,119,AR,OTs-14,100,0,10,0,Optical,HV Round,T-Exo,5259,723,49
724,Intermediate4,Night,196,AR,Zas M21,100,0,8,0,Optical,HV Round,T-Exo,5258,722,50
724,Intermediate4,Night,20071,AR,Galil Mod,100,0,10,2,Optical,HV Round,T-Exo,5188,713,51
724,Intermediate4,Night,102,SMG,UMP40,100,0,8,0,T-Exo,HP Round,Holographic,5579,697,52
724,Intermediate4,Night,287,AR,SIG-556,100,0,1,0,Optical,HV Round,T-Exo,4998,687,53
724,Intermediate4,Night,280,SMG,MAT-49,100,0,1,0,T-Exo,HP Round,Holographic,5396,674,54
724,Intermediate4,Night,27,SMG,Skorpion,100,0,8,0,T-Exo,HP Round,Holographic,5344,668,55
724,Intermediate4,Night,183,HG,Contender,100,0,10,0,RMR Red Dot,AP Round,X-Exo,4860,668,56
724,Intermediate4,Night,20094,SMG,Type64 Mod,100,0,1,0,X-Exo,HP Round,Holographic,5056,632,57
724,Intermediate4,Night,18,SMG,Ingram,100,0,3,0,X-Exo,HP Round,Holographic,4959,619,58
724,Intermediate4,Night,20093,SMG,IDW Mod,100,0,1,1,X-Exo,HP Round,Holographic,4921,615,59
724,Intermediate4,Night,22,SMG,PPS-43,100,0,8,0,X-Exo,HP Round,Holographic,4898,612,60
724,Intermediate4,Night,20097,HG,M950A Mod,100,0,10,10,Exclusive,HP Round,X-Exo,4419,607,61
724,Intermediate4,Night,1030,SMG,Jashin-chan,100,0,2,0,Exclusive,HP Round,Holographic,4807,600,62
724,Intermediate4,Night,17,SMG,M3,100,0,1,0,X-Exo,HP Round,Holographic,4744,593,63
724,Intermediate4,Night,228,SMG,100 Shiki,100,0,1,0,X-Exo,Flaregun,Exclusive,4631,578,64
724,Intermediate4,Night,138,AR,6P62,93.5448,0,1,0,Optical,AP Round,X-Exo,4072,559,65
724,Intermediate4,Night,311,SMG,Lusa,80.8831,0,10,0,X-Exo,Flaregun,Holographic,4460,557,66
724,Intermediate4,Night,224,SMG,PM-06,100,0,8,0,X-Exo,Flaregun,Holographic,4381,547,67
724,Intermediate4,Night,20053,RF,NTW-20 Mod,100,0,10,10,Exclusive,Optical,Camo Cloak,7250,543,68
724,Intermediate4,Night,261,RF,QBU-88,100,0,10,0,AP Round,Optical,Camo Cloak,7190,539,69
724,Intermediate4,Night,20095,RF,Type88 Mod,200,1,10,8,Exclusive,Exclusive,Camo Cloak,7122,534,70
724,Intermediate4,Night,20039,RF,Mosin-Nagant Mod,100,0,10,9,AP Round,Optical,Exclusive,6983,523,71
724,Intermediate4,Night,125,MG,Gr MG4,100,0,8,0,SLAP,Exclusive,Ammo Box,13951,523,72
724,Intermediate4,Night,20252,RF,KSVK Mod,100,0,6,10,Exclusive,Optical,Camo Cloak,6980,523,73
724,Intermediate4,Night,50,RF,Lee Enfield,100,0,10,0,AP Round,Exclusive,Camo Cloak,6968,522,74
724,Intermediate4,Night,1031,RF,Pekola,100,0,10,0,AP Round,Optical,Exclusive,6968,522,75
724,Intermediate4,Night,266,RF,R93,100,0,10,0,AP Round,Optical,Camo Cloak,6957,521,76
724,Intermediate4,Night,36,RF,Springfield,100,0,4,0,Exclusive,Optical,Camo Cloak,6911,518,77
724,Intermediate4,Night,1024,RF,Rico,100,0,10,0,AP Round,Optical,Exclusive,6907,518,78
724,Intermediate4,Night,253,MG,Lewis,100,0,10,0,SLAP,RMR Red Dot,Ammo Box,13730,514,79
724,Intermediate4,Night,48,RF,WA2000,100,0,10,0,AP Round,Optical,Camo Cloak,6735,505,80
724,Intermediate4,Night,20037,RF,M14 Mod,100,0,10,6,AP Round,Optical,Camo Cloak,6719,503,81
724,Intermediate4,Night,296,RF,Gr SL8,100,0,10,0,AP Round,Optical,Camo Cloak,6719,503,82
724,Intermediate4,Night,292,MG,RPK-16,100,0,10,0,SLAP,RMR Red Dot,Ammo Box,13418,503,83
724,Intermediate4,Night,329,RF,SVCh,100,0,10,0,AP Round,Optical,Camo Cloak,6697,502,84
724,Intermediate4,Night,20002,HG,M1911 Mod,100,0,8,10,RMR Red Dot,Exclusive,X-Exo,3654,502,85
724,Intermediate4,Night,204,RF,Ballista,100,0,10,0,AP Round,Optical,Camo Cloak,6661,499,86
724,Intermediate4,Night,173,MG,PKP,100,0,10,0,SLAP,RMR Red Dot,Ammo Box,13294,498,87
724,Intermediate4,Night,231,RF,M82A1,100,0,10,0,AP Round,Optical,Camo Cloak,6641,498,88
724,Intermediate4,Night,1034,SG,Minos,100,0,2,0,Armor Plate,Buckshot Shell,Exclusive,7931,495,89
724,Intermediate4,Night,263,MG,Gr MG36,91.1059,0,1,0,SLAP,RMR Red Dot,Ammo Box,13136,492,90
724,Intermediate4,Night,109,MG,Gr MG5,100,0,8,0,SLAP,RMR Red Dot,Ammo Box,13072,490,91
724,Intermediate4,Night,238,MG,QJY-88,100,0,4,0,SLAP,RMR Red Dot,Ammo Box,12981,486,92
724,Intermediate4,Night,20075,MG,M1918 Mod,100,0,8,10,SLAP,RMR Red Dot,Ammo Box,12857,482,93
724,Intermediate4,Night,323,SG,LTLX7000,90.6178,0,10,0,Armor Plate,Buckshot Shell,Optical,7716,482,94
724,Intermediate4,Night,275,MG,M1895 CB,100,0,10,0,SLAP,RMR Red Dot,Ammo Box,12840,481,95
724,Intermediate4,Night,188,SG,S.A.T.8,100,0,10,0,Armor Plate,Buckshot Shell,Optical,7635,477,96
724,Intermediate4,Night,282,SG,DP-12,100,0,10,0,Armor Plate,Buckshot Shell,Optical,7331,458,97
724,Intermediate4,Night,1026,MG,Claes,100,0,1,0,SLAP,Exclusive,Ammo Box,12198,457,98
724,Intermediate4,Night,157,SG,Am KSG,100,0,6,0,Armor Plate,Buckshot Shell,Optical,7204,450,99
724,Intermediate4,Night,281,SG,CAWS,100,0,8,0,Armor Plate,Slug Shell,Optical,7210,450,100
724,Intermediate4,Night,20154,SG,M500 Mod,100,0,6,10,Armor Plate,Slug Shell,Optical,7163,447,101
724,Intermediate4,Night,20152,SG,M1897 Mod,100,0,2,7,Armor Plate,Slug Shell,Optical,7138,446,102
724,Intermediate4,Night,1025,SG,Triela,100,0,10,0,Armor Plate,Exclusive,Optical,6952,434,103
724,Intermediate4,Night,20081,MG,LWMMG Mod,100,0,8,10,SLAP,Optical,Ammo Box,11558,433,104
724,Intermediate4,Night,153,SG,M37,100,0,4,0,Armor Plate,Slug Shell,Optical,6734,420,105
724,Intermediate4,Night,159,SG,RMB-93,100,0,1,0,Armor Plate,Slug Shell,Optical,6469,404,106
724,Intermediate4,Night,163,SG,AA-12,100,0,10,0,Armor Plate,Exclusive,Optical,6380,398,107
724,Intermediate4,Night,164,SG,FP-6,100,0,8,0,Armor Plate,Slug Shell,Night Equip,5752,359,108
724,Intermediate4,Night,160,SG,Saiga-12,100,0,8,0,Armor Plate,Slug Shell,Night Equip,5675,354,109
724,Intermediate4,Night,1033,MG,Hanazono Yurine,50,0,1,0,AP Round,Exclusive,Ammo Box,1339,50,110
728,Intermediate8,Night,213,SMG,C-MS,100,0,10,0,Chip,AP Round,Red Dot,7951,993,1
728,Intermediate8,Night,183,HG,Contender,100,0,10,0,RMR Red Dot,AP Round,X-Exo,4860,972,2
728,Intermediate8,Night,20026,SMG,Gr MP5 Mod,100,0,10,10,Exclusive,HP Round,Exclusive,7121,890,3
728,Intermediate8,Night,20097,HG,M950A Mod,100,0,10,10,Exclusive,HP Round,X-Exo,4419,883,4
728,Intermediate8,Night,20032,SMG,Micro Uzi Mod,100,0,10,10,Chip,HP Round,Exclusive,7061,882,5
728,Intermediate8,Night,20101,SMG,UMP9 Mod,100,0,10,10,Chip,HP Round,Exclusive,6915,864,6
728,Intermediate8,Night,20007,HG,Stechkin Mod,100,0,10,10,RMR Red Dot,HP Round,Exclusive,4200,840,7
728,Intermediate8,Night,245,SMG,P90,100,0,10,0,Chip,HP Round,Red Dot,6581,822,8
728,Intermediate8,Night,1023,SMG,Henrietta,100,0,10,0,Chip,HP Round,Red Dot,6581,822,9
728,Intermediate8,Night,188,SG,S.A.T.8,100,0,10,0,Armor Plate,Buckshot Shell,Red Dot,8040,804,10
728,Intermediate8,Night,20136,SMG,PP-19 Mod,100,0,10,7,Chip,HP Round,Red Dot,6413,801,11
728,Intermediate8,Night,323,SG,LTLX7000,90.6178,0,10,0,Armor Plate,Buckshot Shell,Red Dot,8007,800,12
728,Intermediate8,Night,20001,HG,SAA Mod,100,0,10,10,Exclusive,HP Round,T-Exo,3998,799,13
728,Intermediate8,Night,259,SMG,PM-9,100,0,8,0,Chip,HP Round,Red Dot,6391,798,14
728,Intermediate8,Night,20103,SMG,UMP45 Mod,100,0,10,10,Chip,HP Round,Red Dot,6378,797,15
728,Intermediate8,Night,1034,SG,Minos,100,0,2,0,Armor Plate,Buckshot Shell,Exclusive,7931,793,16
728,Intermediate8,Night,127,SMG,Type79,100,0,4,0,Chip,Exclusive,Red Dot,6326,790,17
728,Intermediate8,Night,234,SMG,JS 9,100,0,10,0,Chip,HP Round,Red Dot,6283,785,18
728,Intermediate8,Night,20031,SMG,M38 Mod,100,0,10,10,T-Exo,HP Round,Exclusive,6280,785,19
728,Intermediate8,Night,16,SMG,Thompson,100,0,8,0,T-Exo,HP Round,Red Dot,6250,781,20
728,Intermediate8,Night,20,SMG,Vector,100,0,10,0,Chip,HP Round,Red Dot,6240,780,21
728,Intermediate8,Night,242,HG,P22,100,0,10,0,RMR Red Dot,HP Round,X-Exo,3902,780,22
728,Intermediate8,Night,1028,SMG,Agent Vector,100,0,10,0,Chip,HP Round,Red Dot,6240,780,23
728,Intermediate8,Night,143,SMG,RO635,100,0,10,0,Chip,HP Round,Red Dot,6238,779,24
728,Intermediate8,Night,28,SMG,Gr MP7,100,0,10,0,Chip,HP Round,Red Dot,6217,777,25
728,Intermediate8,Night,282,SG,DP-12,100,0,10,0,Armor Plate,Buckshot Shell,Red Dot,7734,773,26
728,Intermediate8,Night,294,HG,Webley,92.2638,0,10,0,Silencer,HP Round,T-Exo,3859,771,27
728,Intermediate8,Night,251,SMG,X95,100,0,8,0,Chip,HP Round,Red Dot,6164,770,28
728,Intermediate8,Night,250,HG,HS2000,100,0,10,0,RMR Red Dot,HP Round,X-Exo,3839,767,29
728,Intermediate8,Night,281,SG,CAWS,100,0,8,0,Armor Plate,Buckshot Shell,Red Dot,7672,767,30
728,Intermediate8,Night,20221,HG,GSh-18 Mod,100,0,10,1,RMR Red Dot,HP Round,X-Exo,3818,763,31
728,Intermediate8,Night,260,HG,PA-15,100,0,10,0,RMR Red Dot,HP Round,X-Exo,3808,761,32
728,Intermediate8,Night,285,HG,C-93,100,0,10,0,RMR Red Dot,HP Round,X-Exo,3805,761,33
728,Intermediate8,Night,272,HG,Desert Eagle,100,0,10,0,RMR Red Dot,HP Round,X-Exo,3803,760,34
728,Intermediate8,Night,114,HG,Welrod MkⅡ,100,0,10,0,Silencer,HP Round,T-Exo,3798,759,35
728,Intermediate8,Night,104,SMG,Gr G36c,100,0,10,0,Chip,HP Round,Red Dot,6079,759,36
728,Intermediate8,Night,157,SG,Am KSG,100,0,6,0,Armor Plate,Buckshot Shell,Red Dot,7592,759,37
728,Intermediate8,Night,303,HG,HP-35,100,0,10,0,RMR Red Dot,HP Round,X-Exo,3795,759,38
728,Intermediate8,Night,96,HG,Grizzly,100,0,10,0,RMR Red Dot,HP Round,T-Exo,3771,754,39
728,Intermediate8,Night,135,SMG,SR-3MP,100,0,8,0,Chip,HP Round,Red Dot,6032,754,40
728,Intermediate8,Night,20055,AR,M4A1 Mod,200,1,10,10,Optical,HV Round,Exclusive,8492,743,41
728,Intermediate8,Night,20154,SG,M500 Mod,100,0,6,10,Armor Plate,Buckshot Shell,Holographic,7359,735,42
728,Intermediate8,Night,20002,HG,M1911 Mod,100,0,8,10,RMR Red Dot,Exclusive,X-Exo,3654,730,43
728,Intermediate8,Night,20152,SG,M1897 Mod,100,0,2,7,Armor Plate,Buckshot Shell,Holographic,7284,728,44
728,Intermediate8,Night,164,SG,FP-6,100,0,8,0,Armor Plate,Buckshot Shell,Holographic,6065,727,45
728,Intermediate8,Night,1025,SG,Triela,100,0,10,0,Armor Plate,Exclusive,Holographic,7228,722,46
728,Intermediate8,Night,20005,HG,M1895 Mod,100,0,10,10,Silencer,Flaregun,T-Exo,3551,710,47
728,Intermediate8,Night,4,HG,Python,100,0,10,0,Silencer,Flaregun,T-Exo,3550,710,48
728,Intermediate8,Night,115,SMG,Suomi,100,0,4,0,T-Exo,Flaregun,Holographic,5675,709,49
728,Intermediate8,Night,162,SG,SPAS-12,100,0,10,0,Armor Plate,Buckshot Shell,Holographic,5765,691,50
728,Intermediate8,Night,153,SG,M37,100,0,4,0,Armor Plate,Buckshot Shell,Holographic,6895,689,51
728,Intermediate8,Night,159,SG,RMB-93,100,0,1,0,Armor Plate,Buckshot Shell,Holographic,6668,666,52
728,Intermediate8,Night,163,SG,AA-12,100,0,10,0,Armor Plate,Exclusive,Holographic,6416,641,53
728,Intermediate8,Night,20065,AR,416 Mod,100,0,10,10,Exclusive,HV Round,Exclusive,7162,626,54
728,Intermediate8,Night,160,SG,Saiga-12,100,0,8,0,Armor Plate,Buckshot Shell,Holographic,6077,607,55
728,Intermediate8,Night,54,AR,M16A1,100,0,10,0,HV Round,T-Exo,Exclusive,6557,573,56
728,Intermediate8,Night,20057,AR,ST AR-15 Mod,200,1,10,10,Optical,RMR Red Dot,Exclusive,6406,560,57
728,Intermediate8,Night,62,AR,Gr G41,100,0,10,0,Optical,HV Round,Exclusive,6339,554,58
728,Intermediate8,Night,206,AR,AK-12,100,0,10,0,Holographic,HV Round,Chip,6249,546,59
728,Intermediate8,Night,20053,RF,NTW-20 Mod,100,0,10,10,Exclusive,Optical,Camo Cloak,7250,543,60
728,Intermediate8,Night,1027,AR,Angelica,100,0,10,0,Optical,HV Round,Exclusive,6211,543,61
728,Intermediate8,Night,205,AR,AN-94,100,0,10,0,Holographic,HV Round,Chip,6193,541,62
728,Intermediate8,Night,261,RF,QBU-88,100,0,10,0,AP Round,Optical,Camo Cloak,7190,539,63
728,Intermediate8,Night,20064,AR,Gr G36 Mod,100,0,10,10,Holographic,HV Round,Chip,6132,536,64
728,Intermediate8,Night,20095,RF,Type88 Mod,200,1,10,8,Exclusive,Exclusive,Camo Cloak,7122,534,65
728,Intermediate8,Night,122,AR,Gr G11,100,0,10,0,Holographic,HV Round,Chip,6046,529,66
728,Intermediate8,Night,20039,RF,Mosin-Nagant Mod,100,0,10,9,AP Round,Optical,Exclusive,6983,523,67
728,Intermediate8,Night,125,MG,Gr MG4,100,0,8,0,SLAP,Exclusive,Ammo Box,13951,523,68
728,Intermediate8,Night,20252,RF,KSVK Mod,100,0,6,10,Exclusive,Optical,Camo Cloak,6980,523,69
728,Intermediate8,Night,50,RF,Lee Enfield,100,0,10,0,AP Round,Exclusive,Camo Cloak,6968,522,70
728,Intermediate8,Night,20056,AR,M4 SOPMOD II Mod,100,0,10,10,Optical,Exclusive,HV Round,5971,522,71
728,Intermediate8,Night,1031,RF,Pekola,100,0,10,0,AP Round,Optical,Exclusive,6968,522,72
728,Intermediate8,Night,266,RF,R93,100,0,10,0,AP Round,Optical,Camo Cloak,6957,521,73
728,Intermediate8,Night,36,RF,Springfield,100,0,4,0,Exclusive,Optical,Camo Cloak,6911,518,74
728,Intermediate8,Night,1024,RF,Rico,100,0,10,0,AP Round,Optical,Exclusive,6907,518,75
728,Intermediate8,Night,215,AR,MDR,100,0,10,0,Exclusive,HV Round,T-Exo,5811,508,76
728,Intermediate8,Night,48,RF,WA2000,100,0,10,0,AP Round,Optical,Camo Cloak,6735,505,77
728,Intermediate8,Night,20037,RF,M14 Mod,100,0,10,6,AP Round,Optical,Camo Cloak,6719,503,78
728,Intermediate8,Night,296,RF,Gr SL8,100,0,10,0,AP Round,Optical,Camo Cloak,6719,503,79
728,Intermediate8,Night,329,RF,SVCh,100,0,10,0,AP Round,Optical,Camo Cloak,6697,502,80
728,Intermediate8,Night,204,RF,Ballista,100,0,10,0,AP Round,Optical,Camo Cloak,6661,499,81
728,Intermediate8,Night,231,RF,M82A1,100,0,10,0,AP Round,Optical,Camo Cloak,6641,498,82
728,Intermediate8,Night,73,AR,AUG,100,0,8,0,Optical,HV Round,T-Exo,5614,491,83
728,Intermediate8,Night,20060,AR,AS Val Mod,100,0,10,8,Optical,HV Round,T-Exo,5555,486,84
728,Intermediate8,Night,236,AR,K11,100,0,10,0,Optical,HV Round,T-Exo,5545,485,85
728,Intermediate8,Night,289,AR,R5,92.4156,0,8,0,Optical,HV Round,T-Exo,5504,481,86
728,Intermediate8,Night,292,MG,RPK-16,100,0,10,0,SLAP,Optical,Ammo Box,12774,479,87
728,Intermediate8,Night,253,MG,Lewis,100,0,10,0,SLAP,Optical,Ammo Box,12725,477,88
728,Intermediate8,Night,194,AR,K2,100,0,10,0,Optical,HV Round,T-Exo,5446,476,89
728,Intermediate8,Night,172,AR,Am RFB,100,0,10,0,Exclusive,HV Round,T-Exo,5432,475,90
728,Intermediate8,Night,130,AR,Type97,100,0,8,0,Exclusive,HV Round,T-Exo,5368,469,91
728,Intermediate8,Night,243,AR,64 Shiki,100,0,1,0,Optical,HV Round,T-Exo,5318,465,92
728,Intermediate8,Night,293,AR,AK-15,74.8405,0,8,0,Optical,HV Round,T-Exo,5312,464,93
728,Intermediate8,Night,263,MG,Gr MG36,91.1059,0,1,0,SLAP,Optical,Ammo Box,12346,462,94
728,Intermediate8,Night,106,AR,FAL,100,0,8,0,Optical,HV Round,T-Exo,5271,461,95
728,Intermediate8,Night,173,MG,PKP,100,0,10,0,SLAP,Optical,Ammo Box,12303,461,96
728,Intermediate8,Night,1029,AR,Agent 416,100,0,10,0,Optical,HV Round,T-Exo,5273,461,97
728,Intermediate8,Night,306,AR,AK-Alfa,100,0,1,0,Optical,HV Round,T-Exo,5279,461,98
728,Intermediate8,Night,196,AR,Zas M21,100,0,8,0,Optical,HV Round,T-Exo,5258,460,99
728,Intermediate8,Night,119,AR,OTs-14,100,0,10,0,Optical,HV Round,T-Exo,5259,460,100
728,Intermediate8,Night,1026,MG,Claes,100,0,1,0,SLAP,Exclusive,Ammo Box,12198,457,101
728,Intermediate8,Night,238,MG,QJY-88,100,0,4,0,SLAP,Optical,Ammo Box,12137,455,102
728,Intermediate8,Night,20075,MG,M1918 Mod,100,0,8,10,SLAP,Optical,Ammo Box,12100,453,103
728,Intermediate8,Night,20071,AR,Galil Mod,100,0,10,2,Optical,HV Round,T-Exo,5188,453,104
728,Intermediate8,Night,109,MG,Gr MG5,100,0,8,0,SLAP,Optical,Ammo Box,11826,443,105
728,Intermediate8,Night,20081,MG,LWMMG Mod,100,0,8,10,SLAP,Optical,Ammo Box,11558,433,106
728,Intermediate8,Night,1032,AR,Medusa,100,0,10,0,Holographic,HV Round,Exclusive,4868,425,107
728,Intermediate8,Night,275,MG,M1895 CB,100,0,10,0,SLAP,Holographic,Ammo Box,11312,424,108
728,Intermediate8,Night,287,AR,SIG-556,100,0,1,0,Silencer,HV Round,X-Exo,4834,422,109
728,Intermediate8,Night,138,AR,6P62,93.5448,0,1,0,Silencer,AP Round,X-Exo,3948,345,110
728,Intermediate8,Night,276,MG,Kord,100,0,10,0,AP Round,Holographic,Ammo Box,7958,298,111
728,Intermediate8,Night,199,MG,Type80,100,0,1,0,AP Round,Holographic,Ammo Box,7486,280,112
728,Intermediate8,Night,85,MG,PK,100,0,8,0,AP Round,Holographic,Ammo Box,7480,280,113
728,Intermediate8,Night,77,MG,M2HB,100,0,8,0,AP Round,Holographic,Ammo Box,7380,276,114
728,Intermediate8,Night,1033,MG,Hanazono Yurine,50,0,1,0,AP Round,Exclusive,Ammo Box,1339,50,115
733,Advanced3,Night,183,HG,Contender,100,0,10,0,RMR Red Dot,AP Round,X-Exo,4860,972,1
733,Advanced3,Night,260,HG,PA-15,100,0,10,0,RMR Red Dot,HP Round,X-Exo,3808,913,2
733,Advanced3,Night,329,RF,SVCh,100,0,10,0,AP Round,Optical,Camo Cloak,6697,904,3
733,Advanced3,Night,20097,HG,M950A Mod,100,0,10,10,Exclusive,HP Round,X-Exo,4419,883,4
733,Advanced3,Night,20007,HG,Stechkin Mod,100,0,10,10,RMR Red Dot,HP Round,Exclusive,4200,840,5
733,Advanced3,Night,20053,RF,NTW-20 Mod,100,0,10,10,Exclusive,Optical,Camo Cloak,7250,815,6
733,Advanced3,Night,113,HG,Serdyukov,100,0,8,0,RMR Red Dot,HP Round,X-Exo,3368,808,7
733,Advanced3,Night,261,RF,QBU-88,100,0,10,0,AP Round,Optical,Camo Cloak,7190,808,8
733,Advanced3,Night,188,SG,S.A.T.8,100,0,10,0,Armor Plate,Buckshot Shell,Red Dot,8040,804,9
733,Advanced3,Night,20095,RF,Type88 Mod,200,1,10,8,Exclusive,Exclusive,Camo Cloak,7122,801,10
733,Advanced3,Night,323,SG,LTLX7000,90.6178,0,10,0,Armor Plate,Buckshot Shell,Red Dot,8007,800,11
733,Advanced3,Night,20001,HG,SAA Mod,100,0,10,10,Exclusive,HP Round,T-Exo,3998,799,12
733,Advanced3,Night,1034,SG,Minos,100,0,2,0,Armor Plate,Buckshot Shell,Exclusive,7931,793,13
733,Advanced3,Night,284,RF,Zas M76,100,0,10,0,AP Round,Optical,Camo Cloak,5845,789,14
733,Advanced3,Night,20039,RF,Mosin-Nagant Mod,100,0,10,9,AP Round,Optical,Exclusive,6983,785,15
733,Advanced3,Night,20252,RF,KSVK Mod,100,0,6,10,Exclusive,Optical,Camo Cloak,6980,785,16
733,Advanced3,Night,50,RF,Lee Enfield,100,0,10,0,AP Round,Exclusive,Camo Cloak,6968,783,17
733,Advanced3,Night,1031,RF,Pekola,100,0,10,0,AP Round,Optical,Exclusive,6968,783,18
733,Advanced3,Night,266,RF,R93,100,0,10,0,AP Round,Optical,Camo Cloak,6957,782,19
733,Advanced3,Night,242,HG,P22,100,0,10,0,RMR Red Dot,HP Round,X-Exo,3902,780,20
733,Advanced3,Night,36,RF,Springfield,100,0,4,0,Exclusive,Optical,Camo Cloak,6911,777,21
733,Advanced3,Night,1024,RF,Rico,100,0,10,0,AP Round,Optical,Exclusive,6907,777,22
733,Advanced3,Night,282,SG,DP-12,100,0,10,0,Armor Plate,Buckshot Shell,Red Dot,7734,773,23
733,Advanced3,Night,294,HG,Webley,92.2638,0,10,0,Silencer,HP Round,T-Exo,3859,771,24
733,Advanced3,Night,250,HG,HS2000,100,0,10,0,RMR Red Dot,HP Round,X-Exo,3839,767,25
733,Advanced3,Night,281,SG,CAWS,100,0,8,0,Armor Plate,Buckshot Shell,Red Dot,7672,767,26
733,Advanced3,Night,20221,HG,GSh-18 Mod,100,0,10,1,RMR Red Dot,HP Round,X-Exo,3818,763,27
733,Advanced3,Night,285,HG,C-93,100,0,10,0,RMR Red Dot,HP Round,X-Exo,3805,761,28
733,Advanced3,Night,272,HG,Desert Eagle,100,0,10,0,RMR Red Dot,HP Round,X-Exo,3803,760,29
733,Advanced3,Night,114,HG,Welrod MkⅡ,100,0,10,0,Silencer,HP Round,T-Exo,3798,759,30
733,Advanced3,Night,157,SG,Am KSG,100,0,6,0,Armor Plate,Buckshot Shell,Red Dot,7592,759,31
733,Advanced3,Night,303,HG,HP-35,100,0,10,0,RMR Red Dot,HP Round,X-Exo,3795,759,32
733,Advanced3,Night,48,RF,WA2000,100,0,10,0,AP Round,Optical,Camo Cloak,6735,757,33
733,Advanced3,Night,20037,RF,M14 Mod,100,0,10,6,AP Round,Optical,Camo Cloak,6719,755,34
733,Advanced3,Night,296,RF,Gr SL8,100,0,10,0,AP Round,Optical,Camo Cloak,6719,755,35
733,Advanced3,Night,96,HG,Grizzly,100,0,10,0,RMR Red Dot,HP Round,T-Exo,3771,754,36
733,Advanced3,Night,20154,SG,M500 Mod,100,0,6,10,Armor Plate,Buckshot Shell,Red Dot,7549,754,37
733,Advanced3,Night,233,HG,Px4 Storm,100,0,10,0,RMR Red Dot,HP Round,X-Exo,3769,753,38
733,Advanced3,Night,204,RF,Ballista,100,0,10,0,AP Round,Optical,Camo Cloak,6661,749,39
733,Advanced3,Night,4,HG,Python,100,0,10,0,Silencer,HP Round,X-Exo,3740,748,40
733,Advanced3,Night,20152,SG,M1897 Mod,100,0,2,7,Armor Plate,Buckshot Shell,Red Dot,7485,748,41
733,Advanced3,Night,1025,SG,Triela,100,0,10,0,Armor Plate,Exclusive,Red Dot,7476,747,42
733,Advanced3,Night,20055,AR,M4A1 Mod,200,1,10,10,Optical,HV Round,Exclusive,8492,743,43
733,Advanced3,Night,142,HG,Five-seven,100,0,10,0,Silencer,HP Round,X-Exo,3674,734,44
733,Advanced3,Night,20005,HG,M1895 Mod,100,0,10,10,Silencer,HP Round,T-Exo,3651,730,45
733,Advanced3,Night,20002,HG,M1911 Mod,100,0,8,10,Silencer,Exclusive,T-Exo,3615,723,46
733,Advanced3,Night,20091,HG,MP-446 Mod,100,0,10,10,Silencer,HP Round,X-Exo,3609,721,47
733,Advanced3,Night,1009,HG,El Clear,100,0,10,0,Silencer,HP Round,X-Exo,3586,717,48
733,Advanced3,Night,1010,HG,El Fail,100,0,10,0,Silencer,HP Round,X-Exo,3586,717,49
733,Advanced3,Night,126,HG,NZ75,100,0,1,0,Exclusive,HP Round,X-Exo,3562,712,50
733,Advanced3,Night,153,SG,M37,100,0,4,0,Armor Plate,Buckshot Shell,Red Dot,7087,708,51
733,Advanced3,Night,99,HG,Gr Mk23,100,0,10,0,Silencer,HP Round,T-Exo,3539,707,52
733,Advanced3,Night,269,HG,Gr P30,100,0,10,0,Silencer,HP Round,T-Exo,3498,699,53
733,Advanced3,Night,212,HG,K5,100,0,10,0,Silencer,HP Round,X-Exo,3487,697,54
733,Advanced3,Night,20012,HG,C96 Mod,100,0,1,0,Silencer,HP Round,T-Exo,3431,686,55
733,Advanced3,Night,159,SG,RMB-93,100,0,1,0,Armor Plate,Buckshot Shell,Red Dot,6849,684,56
733,Advanced3,Night,8,HG,Makarov,100,0,10,0,Silencer,HP Round,X-Exo,3369,673,57
733,Advanced3,Night,3,HG,M9,100,0,8,0,Silencer,HP Round,T-Exo,3338,667,58
733,Advanced3,Night,14,HG,Astra,100,0,8,0,Silencer,HP Round,T-Exo,3308,661,59
733,Advanced3,Night,132,HG,Type59,100,0,8,0,Silencer,HP Round,X-Exo,3297,659,60
733,Advanced3,Night,167,HG,Gr HK45,100,0,8,0,Silencer,HP Round,T-Exo,3275,655,61
733,Advanced3,Night,163,SG,AA-12,100,0,10,0,Armor Plate,Exclusive,Holographic,6416,641,62
733,Advanced3,Night,20065,AR,416 Mod,100,0,10,10,Exclusive,HV Round,Exclusive,7162,626,63
733,Advanced3,Night,210,HG,CZ52,100,0,8,0,Silencer,Flaregun,T-Exo,3126,625,64
733,Advanced3,Night,160,SG,Saiga-12,100,0,8,0,Armor Plate,Buckshot Shell,Red Dot,6210,621,65
733,Advanced3,Night,164,SG,FP-6,100,0,8,0,Armor Plate,Buckshot Shell,Red Dot,6199,619,66
733,Advanced3,Night,6,HG,Tokarev,100,0,1,0,Silencer,Flaregun,T-Exo,3057,611,67
733,Advanced3,Night,10,HG,PPK,100,0,8,0,Exclusive,Flaregun,T-Exo,3007,601,68
733,Advanced3,Night,213,SMG,C-MS,100,0,10,0,Chip,AP Round,Red Dot,7951,596,69
733,Advanced3,Night,162,SG,SPAS-12,100,0,10,0,Armor Plate,Buckshot Shell,Red Dot,5924,592,70
733,Advanced3,Night,54,AR,M16A1,100,0,10,0,HV Round,T-Exo,Exclusive,6557,573,71
733,Advanced3,Night,62,AR,Gr G41,100,0,10,0,Optical,HV Round,Exclusive,6339,554,72
733,Advanced3,Night,20057,AR,ST AR-15 Mod,200,1,10,10,Optical,Exclusive,Exclusive,6253,547,73
733,Advanced3,Night,206,AR,AK-12,100,0,10,0,Holographic,HV Round,Chip,6249,546,74
733,Advanced3,Night,1027,AR,Angelica,100,0,10,0,Optical,HV Round,Exclusive,6211,543,75
733,Advanced3,Night,205,AR,AN-94,100,0,10,0,Holographic,HV Round,Chip,6193,541,76
733,Advanced3,Night,20064,AR,Gr G36 Mod,100,0,10,10,Red Dot,HV Round,Chip,6138,537,77
733,Advanced3,Night,122,AR,Gr G11,100,0,10,0,Holographic,HV Round,Chip,6046,529,78
733,Advanced3,Night,73,AR,AUG,100,0,8,0,Holographic,HV Round,Chip,5989,524,79
733,Advanced3,Night,125,MG,Gr MG4,100,0,8,0,SLAP,Exclusive,Ammo Box,13951,523,80
733,Advanced3,Night,20056,AR,M4 SOPMOD II Mod,100,0,10,10,Optical,Exclusive,HV Round,5971,522,81
733,Advanced3,Night,289,AR,R5,92.4156,0,8,0,Holographic,HV Round,Chip,5974,522,82
733,Advanced3,Night,20060,AR,AS Val Mod,100,0,10,8,Holographic,HV Round,Chip,5965,521,83
733,Advanced3,Night,236,AR,K11,100,0,10,0,Holographic,HV Round,Chip,5958,521,84
733,Advanced3,Night,215,AR,MDR,100,0,10,0,Red Dot,HV Round,Chip,5939,519,85
733,Advanced3,Night,194,AR,K2,100,0,10,0,Holographic,HV Round,Chip,5908,516,86
733,Advanced3,Night,172,AR,Am RFB,100,0,10,0,Exclusive,HV Round,Chip,5883,514,87
733,Advanced3,Night,293,AR,AK-15,74.8405,0,8,0,Red Dot,HV Round,Chip,5872,513,88
733,Advanced3,Night,119,AR,OTs-14,100,0,10,0,Holographic,HV Round,Chip,5792,506,89
733,Advanced3,Night,306,AR,AK-Alfa,100,0,1,0,Holographic,HV Round,Chip,5786,506,90
733,Advanced3,Night,1029,AR,Agent 416,100,0,10,0,Red Dot,HV Round,Chip,5779,505,91
733,Advanced3,Night,196,AR,Zas M21,100,0,8,0,Red Dot,HV Round,Chip,5762,504,92
733,Advanced3,Night,243,AR,64 Shiki,100,0,1,0,Red Dot,HV Round,Chip,5771,504,93
733,Advanced3,Night,106,AR,FAL,100,0,8,0,Red Dot,HV Round,Chip,5755,503,94
733,Advanced3,Night,130,AR,Type97,100,0,8,0,Holographic,HV Round,Chip,5696,498,95
733,Advanced3,Night,20071,AR,Galil Mod,100,0,10,2,Holographic,HV Round,Chip,5613,491,96
733,Advanced3,Night,292,MG,RPK-16,100,0,10,0,SLAP,Optical,Ammo Box,12774,479,97
733,Advanced3,Night,253,MG,Lewis,100,0,10,0,SLAP,Optical,Ammo Box,12725,477,98
733,Advanced3,Night,263,MG,Gr MG36,91.1059,0,1,0,SLAP,Optical,Ammo Box,12346,462,99
733,Advanced3,Night,173,MG,PKP,100,0,10,0,SLAP,Optical,Ammo Box,12303,461,100
733,Advanced3,Night,1026,MG,Claes,100,0,1,0,SLAP,Exclusive,Ammo Box,12198,457,101
733,Advanced3,Night,238,MG,QJY-88,100,0,4,0,SLAP,Optical,Ammo Box,12137,455,102
733,Advanced3,Night,20075,MG,M1918 Mod,100,0,8,10,SLAP,Optical,Ammo Box,12100,453,103
733,Advanced3,Night,127,SMG,Type79,100,0,4,0,T-Exo,Exclusive,Holographic,5978,448,104
733,Advanced3,Night,109,MG,Gr MG5,100,0,8,0,SLAP,Optical,Ammo Box,11826,443,105
733,Advanced3,Night,1028,SMG,Agent Vector,100,0,10,0,T-Exo,Exclusive,Holographic,5916,443,106
733,Advanced3,Night,287,AR,SIG-556,100,0,1,0,Optical,HV Round,T-Exo,4998,437,107
733,Advanced3,Night,262,AR,EM-2,100,0,10,0,Optical,HV Round,T-Exo,4963,434,108
733,Advanced3,Night,20081,MG,LWMMG Mod,100,0,8,10,SLAP,Optical,Ammo Box,11558,433,109
733,Advanced3,Night,275,MG,M1895 CB,100,0,10,0,SLAP,Optical,Ammo Box,11519,431,110
733,Advanced3,Night,138,AR,6P62,93.5448,0,1,0,Optical,AP Round,T-Exo,4170,364,111
733,Advanced3,Night,276,MG,Kord,100,0,10,0,AP Round,Holographic,Ammo Box,7958,298,112
733,Advanced3,Night,264,MG,Chauchat,88.5464,0,1,0,AP Round,Optical,Ammo Box,7601,285,113
733,Advanced3,Night,199,MG,Type80,100,0,1,0,AP Round,Optical,Ammo Box,7515,281,114
733,Advanced3,Night,85,MG,PK,100,0,8,0,AP Round,Holographic,Ammo Box,7480,280,115
733,Advanced3,Night,77,MG,M2HB,100,0,8,0,AP Round,Holographic,Ammo Box,7380,276,116
733,Advanced3,Night,78,MG,M60,100,0,1,0,AP Round,Optical,Ammo Box,7343,275,117
736,Advanced6,Day,20055,AR,M4A1 Mod,200,1,10,10,Night Equip,HV Round,Exclusive,7607,1426,1
736,Advanced6,Day,20065,AR,416 Mod,100,0,10,10,Night Equip,HV Round,Exclusive,6171,1157,2
736,Advanced6,Day,171,AR,Ribeyrolles,100,0,8,0,Night Equip,HV Round,Chip,5021,1129,3
736,Advanced6,Day,206,AR,AK-12,100,0,10,0,Night Equip,HV Round,Chip,5916,1109,4
736,Advanced6,Day,205,AR,AN-94,100,0,10,0,Night Equip,HV Round,Chip,5885,1103,5
736,Advanced6,Day,20057,AR,ST AR-15 Mod,200,1,10,10,Optical,Night Equip,Exclusive,5770,1081,6
736,Advanced6,Day,20064,AR,Gr G36 Mod,100,0,10,10,Night Equip,HV Round,Chip,5749,1077,7
736,Advanced6,Day,1027,AR,Angelica,100,0,10,0,Night Equip,HV Round,Chip,5715,1071,8
736,Advanced6,Day,62,AR,Gr G41,100,0,10,0,Night Equip,HV Round,Exclusive,5648,1059,9
736,Advanced6,Day,73,AR,AUG,100,0,8,0,Night Equip,HV Round,Chip,5650,1059,10
736,Advanced6,Day,289,AR,R5,92.4156,0,8,0,Night Equip,HV Round,Chip,5617,1053,11
736,Advanced6,Day,20060,AR,AS Val Mod,100,0,10,8,Night Equip,HV Round,Chip,5601,1050,12
736,Advanced6,Day,236,AR,K11,100,0,10,0,Night Equip,HV Round,Chip,5603,1050,13
736,Advanced6,Day,122,AR,Gr G11,100,0,10,0,Night Equip,HV Round,Chip,5551,1040,14
736,Advanced6,Day,215,AR,MDR,100,0,10,0,Night Equip,HV Round,Chip,5550,1040,15
736,Advanced6,Day,194,AR,K2,100,0,10,0,Night Equip,HV Round,Chip,5531,1037,16
736,Advanced6,Day,213,SMG,C-MS,100,0,10,0,T-Exo,AP Round,Night Equip,6360,1033,17
736,Advanced6,Day,243,AR,64 Shiki,100,0,1,0,Night Equip,HV Round,Chip,5497,1030,18
736,Advanced6,Day,54,AR,M16A1,100,0,10,0,HV Round,Armor Plate,Exclusive,5473,1026,19
736,Advanced6,Day,293,AR,AK-15,74.8405,0,8,0,Night Equip,HV Round,Chip,5473,1026,20
736,Advanced6,Day,119,AR,OTs-14,100,0,10,0,Night Equip,HV Round,Chip,5444,1020,21
736,Advanced6,Day,20056,AR,M4 SOPMOD II Mod,100,0,10,10,Night Equip,RMR Red Dot,HV Round,5425,1017,22
736,Advanced6,Day,306,AR,AK-Alfa,100,0,1,0,Night Equip,HV Round,Chip,5429,1017,23
736,Advanced6,Day,172,AR,Am RFB,100,0,10,0,Night Equip,HV Round,Chip,5408,1014,24
736,Advanced6,Day,1029,AR,Agent 416,100,0,10,0,Night Equip,HV Round,Chip,5369,1006,25
736,Advanced6,Day,196,AR,Zas M21,100,0,8,0,Night Equip,HV Round,Chip,5365,1005,26
736,Advanced6,Day,130,AR,Type97,100,0,8,0,Night Equip,HV Round,Chip,5347,1002,27
736,Advanced6,Day,20026,SMG,Gr MP5 Mod,100,0,10,10,Exclusive,Flaregun,Exclusive,6044,982,28
736,Advanced6,Day,20101,SMG,UMP9 Mod,100,0,10,10,T-Exo,Flaregun,Exclusive,5756,935,29
736,Advanced6,Day,20103,SMG,UMP45 Mod,100,0,10,10,T-Exo,Flaregun,Exclusive,5745,933,30
736,Advanced6,Day,16,SMG,Thompson,100,0,8,0,T-Exo,HP Round,Silencer,5492,892,31
736,Advanced6,Day,20031,SMG,M38 Mod,100,0,10,10,T-Exo,HP Round,Silencer,5484,891,32
736,Advanced6,Day,1023,SMG,Henrietta,100,0,10,0,T-Exo,HP Round,Exclusive,5476,889,33
736,Advanced6,Day,245,SMG,P90,100,0,10,0,T-Exo,HP Round,Silencer,5429,882,34
736,Advanced6,Day,27,SMG,Skorpion,100,0,8,0,T-Exo,HP Round,Silencer,4517,880,35
736,Advanced6,Day,20136,SMG,PP-19 Mod,100,0,10,7,T-Exo,HP Round,Silencer,5402,877,36
736,Advanced6,Day,20032,SMG,Micro Uzi Mod,100,0,10,10,T-Exo,HP Round,Exclusive,5317,864,37
736,Advanced6,Day,234,SMG,JS 9,100,0,10,0,T-Exo,HP Round,Silencer,5251,853,38
736,Advanced6,Day,28,SMG,Gr MP7,100,0,10,0,T-Exo,HP Round,Silencer,5177,841,39
736,Advanced6,Day,104,SMG,Gr G36c,100,0,10,0,T-Exo,HP Round,Silencer,5164,839,40
736,Advanced6,Day,143,SMG,RO635,100,0,10,0,T-Exo,HP Round,Silencer,5152,837,41
736,Advanced6,Day,259,SMG,PM-9,100,0,8,0,T-Exo,HP Round,Silencer,5068,823,42
736,Advanced6,Day,115,SMG,Suomi,100,0,4,0,T-Exo,HP Round,Silencer,5036,818,43
736,Advanced6,Day,20029,SMG,STEN MkⅡ Mod,100,0,1,0,T-Exo,HP Round,Silencer,4992,811,44
736,Advanced6,Day,251,SMG,X95,100,0,8,0,T-Exo,HP Round,Silencer,4979,809,45
736,Advanced6,Day,135,SMG,SR-3MP,100,0,8,0,T-Exo,HP Round,Silencer,4961,806,46
736,Advanced6,Day,20,SMG,Vector,100,0,10,0,T-Exo,HP Round,Silencer,4941,802,47
736,Advanced6,Day,127,SMG,Type79,100,0,4,0,T-Exo,Exclusive,Silencer,4940,802,48
736,Advanced6,Day,1028,SMG,Agent Vector,100,0,10,0,T-Exo,HP Round,Silencer,4941,802,49
736,Advanced6,Day,102,SMG,UMP40,100,0,8,0,T-Exo,HP Round,Silencer,4829,784,50
736,Advanced6,Day,203,SMG,Honey Badger,100,0,8,0,T-Exo,HP Round,Silencer,4789,778,51
736,Advanced6,Day,280,SMG,MAT-49,100,0,1,0,T-Exo,HP Round,Silencer,4678,760,52
736,Advanced6,Day,327,SMG,SUB-2000,100,0,4,0,T-Exo,HP Round,Silencer,3793,739,53
736,Advanced6,Day,20093,SMG,IDW Mod,100,0,1,1,X-Exo,HP Round,Silencer,4132,671,54
736,Advanced6,Day,228,SMG,100 Shiki,100,0,1,0,X-Exo,HP Round,Exclusive,4103,666,55
736,Advanced6,Day,22,SMG,PPS-43,100,0,8,0,X-Exo,HP Round,Silencer,4081,663,56
736,Advanced6,Day,17,SMG,M3,100,0,1,0,X-Exo,HP Round,Silencer,4080,663,57
736,Advanced6,Day,1030,SMG,Jashin-chan,100,0,2,0,Exclusive,HP Round,Silencer,4075,662,58
736,Advanced6,Day,20094,SMG,Type64 Mod,100,0,1,0,X-Exo,HP Round,Silencer,4073,661,59
736,Advanced6,Day,18,SMG,Ingram,100,0,3,0,X-Exo,HP Round,Silencer,4014,652,60
736,Advanced6,Day,20071,AR,Galil Mod,100,0,10,2,Red Dot,HV Round,Chip,3394,636,61
736,Advanced6,Day,311,SMG,Lusa,80.8831,0,10,0,X-Exo,HP Round,Silencer,3822,621,62
736,Advanced6,Day,323,SG,LTLX7000,90.6178,0,10,0,Armor Plate,Buckshot Shell,Red Dot,7027,614,63
736,Advanced6,Day,106,AR,FAL,100,0,8,0,Red Dot,HV Round,X-Exo,3272,613,64
736,Advanced6,Day,224,SMG,PM-06,100,0,8,0,X-Exo,HP Round,Silencer,3770,612,65
736,Advanced6,Day,262,AR,EM-2,100,0,10,0,Silencer,HV Round,X-Exo,3217,603,66
736,Advanced6,Day,188,SG,S.A.T.8,100,0,10,0,Armor Plate,Buckshot Shell,Red Dot,6837,598,67
736,Advanced6,Day,1034,SG,Minos,100,0,2,0,Armor Plate,Buckshot Shell,Exclusive,6768,592,68
736,Advanced6,Day,282,SG,DP-12,100,0,10,0,Armor Plate,Buckshot Shell,Red Dot,6526,571,69
736,Advanced6,Day,157,SG,Am KSG,100,0,6,0,Armor Plate,Buckshot Shell,Red Dot,6430,562,70
736,Advanced6,Day,20154,SG,M500 Mod,100,0,6,10,Armor Plate,Buckshot Shell,Red Dot,6365,556,71
736,Advanced6,Day,281,SG,CAWS,100,0,8,0,Armor Plate,Buckshot Shell,Red Dot,6361,556,72
736,Advanced6,Day,20152,SG,M1897 Mod,100,0,2,7,Armor Plate,Buckshot Shell,Red Dot,6325,553,73
736,Advanced6,Day,183,HG,Contender,100,0,10,0,RMR Red Dot,AP Round,X-Exo,3155,552,74
736,Advanced6,Day,1025,SG,Triela,100,0,10,0,Armor Plate,Exclusive,Red Dot,6137,536,75
736,Advanced6,Day,153,SG,M37,100,0,4,0,Armor Plate,Buckshot Shell,Red Dot,5992,524,76
736,Advanced6,Day,159,SG,RMB-93,100,0,1,0,Armor Plate,Buckshot Shell,Red Dot,5762,504,77
736,Advanced6,Day,20002,HG,M1911 Mod,100,0,8,10,Silencer,Exclusive,X-Exo,2717,475,78
736,Advanced6,Day,163,SG,AA-12,100,0,10,0,Armor Plate,Exclusive,Red Dot,5311,464,79
736,Advanced6,Day,164,SG,FP-6,100,0,8,0,Armor Plate,Buckshot Shell,Red Dot,5305,464,80
736,Advanced6,Day,160,SG,Saiga-12,100,0,8,0,Armor Plate,Buckshot Shell,Red Dot,5181,453,81
736,Advanced6,Day,138,AR,6P62,93.5448,0,1,0,Red Dot,AP Round,X-Exo,2302,431,82
736,Advanced6,Day,125,MG,Gr MG4,100,0,8,0,SLAP,Exclusive,Ammo Box,6122,306,83
736,Advanced6,Day,253,MG,Lewis,100,0,10,0,SLAP,Red Dot,Ammo Box,5584,279,84
736,Advanced6,Day,292,MG,RPK-16,100,0,10,0,SLAP,RMR Red Dot,Ammo Box,5580,279,85
736,Advanced6,Day,20075,MG,M1918 Mod,100,0,8,10,SLAP,RMR Red Dot,Ammo Box,5381,269,86
736,Advanced6,Day,263,MG,Gr MG36,91.1059,0,1,0,SLAP,RMR Red Dot,Ammo Box,5333,266,87
736,Advanced6,Day,173,MG,PKP,100,0,10,0,SLAP,Red Dot,Ammo Box,5260,263,88
736,Advanced6,Day,109,MG,Gr MG5,100,0,8,0,SLAP,Red Dot,Ammo Box,5255,262,89
736,Advanced6,Day,238,MG,QJY-88,100,0,4,0,SLAP,RMR Red Dot,Ammo Box,5191,259,90
736,Advanced6,Day,20081,MG,LWMMG Mod,100,0,8,10,SLAP,Red Dot,Ammo Box,5103,255,91
736,Advanced6,Day,275,MG,M1895 CB,100,0,10,0,SLAP,Red Dot,Ammo Box,5062,253,92
736,Advanced6,Day,276,MG,Kord,100,0,10,0,SLAP,RMR Red Dot,Ammo Box,4892,244,93
736,Advanced6,Day,20039,RF,Mosin-Nagant Mod,100,0,10,9,AP Round,Optical,Exclusive,3767,188,94
736,Advanced6,Day,20053,RF,NTW-20 Mod,100,0,10,10,Exclusive,Optical,Camo Cloak,3766,188,95
736,Advanced6,Day,85,MG,PK,100,0,8,0,AP Round,RMR Red Dot,Ammo Box,3744,187,96
736,Advanced6,Day,20095,RF,Type88 Mod,200,1,10,8,Exclusive,Exclusive,Camo Cloak,3731,186,97
736,Advanced6,Day,1026,MG,Claes,100,0,1,0,AP Round,RMR Red Dot,Ammo Box,3710,185,98
736,Advanced6,Day,264,MG,Chauchat,88.5464,0,1,0,AP Round,RMR Red Dot,Ammo Box,3698,184,99
736,Advanced6,Day,261,RF,QBU-88,100,0,10,0,AP Round,Optical,Camo Cloak,3641,182,100
736,Advanced6,Day,77,MG,M2HB,100,0,8,0,AP Round,RMR Red Dot,Ammo Box,3608,180,101
736,Advanced6,Day,78,MG,M60,100,0,1,0,AP Round,RMR Red Dot,Ammo Box,3615,180,102
736,Advanced6,Day,266,RF,R93,100,0,10,0,AP Round,Optical,Camo Cloak,3581,179,103
736,Advanced6,Day,20252,RF,KSVK Mod,100,0,6,10,Exclusive,Optical,Camo Cloak,3579,178,104
736,Advanced6,Day,329,RF,SVCh,100,0,10,0,AP Round,Optical,Camo Cloak,3490,174,105
736,Advanced6,Day,1031,RF,Pekola,100,0,10,0,AP Round,Optical,Exclusive,3488,174,106
736,Advanced6,Day,257,RF,M200,100,0,10,0,AP Round,Optical,Camo Cloak,3453,172,107
736,Advanced6,Day,204,RF,Ballista,100,0,10,0,AP Round,Optical,Camo Cloak,3435,171,108
736,Advanced6,Day,50,RF,Lee Enfield,100,0,10,0,AP Round,Exclusive,Camo Cloak,3407,170,109
736,Advanced6,Day,198,RF,Carcano M91/38,100,0,10,0,AP Round,Optical,Camo Cloak,3383,169,110
736,Advanced6,Day,48,RF,WA2000,100,0,10,0,AP Round,Optical,Camo Cloak,3358,167,111
736,Advanced6,Day,1024,RF,Rico,100,0,10,0,AP Round,Optical,Exclusive,3356,167,112
736,Advanced6,Day,296,RF,Gr SL8,100,0,10,0,AP Round,Optical,Camo Cloak,3352,167,113
736,Advanced6,Day,20037,RF,M14 Mod,100,0,10,6,AP Round,Optical,Camo Cloak,3287,164,114
736,Advanced6,Day,199,MG,Type80,100,0,1,0,AP Round,Holographic,Ammo Box,3279,163,115
738,Advanced8,Night,20055,AR,M4A1 Mod,200,1,10,10,Optical,HV Round,Exclusive,8492,1592,1
738,Advanced8,Night,20065,AR,416 Mod,100,0,10,10,Exclusive,HV Round,Exclusive,7162,1342,2
738,Advanced8,Night,54,AR,M16A1,100,0,10,0,HV Round,Armor Plate,Exclusive,6668,1250,3
738,Advanced8,Night,20057,AR,ST AR-15 Mod,200,1,10,10,Optical,RMR Red Dot,Exclusive,6406,1201,4
738,Advanced8,Night,62,AR,Gr G41,100,0,10,0,Optical,HV Round,Exclusive,6339,1188,5
738,Advanced8,Night,206,AR,AK-12,100,0,10,0,Holographic,HV Round,Chip,6249,1171,6
738,Advanced8,Night,1027,AR,Angelica,100,0,10,0,Optical,HV Round,Exclusive,6211,1164,7
738,Advanced8,Night,205,AR,AN-94,100,0,10,0,Holographic,HV Round,Chip,6193,1161,8
738,Advanced8,Night,20064,AR,Gr G36 Mod,100,0,10,10,Red Dot,HV Round,Chip,6138,1150,9
738,Advanced8,Night,122,AR,Gr G11,100,0,10,0,Holographic,HV Round,Chip,6046,1133,10
738,Advanced8,Night,20056,AR,M4 SOPMOD II Mod,100,0,10,10,Optical,RMR Red Dot,HV Round,6004,1125,11
738,Advanced8,Night,73,AR,AUG,100,0,8,0,Holographic,HV Round,Chip,5989,1122,12
738,Advanced8,Night,289,AR,R5,92.4156,0,8,0,Holographic,HV Round,Chip,5974,1120,13
738,Advanced8,Night,20060,AR,AS Val Mod,100,0,10,8,Holographic,HV Round,Chip,5965,1118,14
738,Advanced8,Night,236,AR,K11,100,0,10,0,Holographic,HV Round,Chip,5958,1117,15
738,Advanced8,Night,215,AR,MDR,100,0,10,0,Red Dot,HV Round,Chip,5939,1113,16
738,Advanced8,Night,194,AR,K2,100,0,10,0,Holographic,HV Round,Chip,5908,1107,17
738,Advanced8,Night,172,AR,Am RFB,100,0,10,0,Exclusive,HV Round,Chip,5883,1103,18
738,Advanced8,Night,293,AR,AK-15,74.8405,0,8,0,Red Dot,HV Round,Chip,5872,1101,19
738,Advanced8,Night,85,MG,PK,100,0,8,0,SLAP,RMR Red Dot,Ammo Box,12127,1091,20
738,Advanced8,Night,119,AR,OTs-14,100,0,10,0,Holographic,HV Round,Chip,5792,1086,21
738,Advanced8,Night,306,AR,AK-Alfa,100,0,1,0,Red Dot,HV Round,Chip,5787,1085,22
738,Advanced8,Night,1029,AR,Agent 416,100,0,10,0,Red Dot,HV Round,Chip,5779,1083,23
738,Advanced8,Night,243,AR,64 Shiki,100,0,1,0,Red Dot,HV Round,Chip,5771,1082,24
738,Advanced8,Night,196,AR,Zas M21,100,0,8,0,Red Dot,HV Round,Chip,5762,1080,25
738,Advanced8,Night,106,AR,FAL,100,0,8,0,Red Dot,HV Round,Chip,5755,1079,26
738,Advanced8,Night,130,AR,Type97,100,0,8,0,Red Dot,HV Round,Chip,5703,1069,27
738,Advanced8,Night,264,MG,Chauchat,88.5464,0,1,0,SLAP,RMR Red Dot,Ammo Box,11837,1065,28
738,Advanced8,Night,20071,AR,Galil Mod,100,0,10,2,Red Dot,HV Round,Chip,5632,1056,29
738,Advanced8,Night,125,MG,Gr MG4,100,0,8,0,SLAP,Exclusive,Ammo Box,13951,1046,30
738,Advanced8,Night,287,AR,SIG-556,100,0,1,0,Red Dot,HV Round,Chip,5504,1032,31
738,Advanced8,Night,253,MG,Lewis,100,0,10,0,SLAP,RMR Red Dot,Ammo Box,13730,1029,32
738,Advanced8,Night,292,MG,RPK-16,100,0,10,0,SLAP,RMR Red Dot,Ammo Box,13418,1006,33
738,Advanced8,Night,188,SG,S.A.T.8,100,0,10,0,Armor Plate,Buckshot Shell,Red Dot,8040,1005,34
738,Advanced8,Night,323,SG,LTLX7000,90.6178,0,10,0,Armor Plate,Buckshot Shell,Red Dot,8007,1000,35
738,Advanced8,Night,173,MG,PKP,100,0,10,0,SLAP,RMR Red Dot,Ammo Box,13294,997,36
738,Advanced8,Night,1034,SG,Minos,100,0,2,0,Armor Plate,Buckshot Shell,Exclusive,7931,991,37
738,Advanced8,Night,263,MG,Gr MG36,91.1059,0,1,0,SLAP,RMR Red Dot,Ammo Box,13136,985,38
738,Advanced8,Night,109,MG,Gr MG5,100,0,8,0,SLAP,RMR Red Dot,Ammo Box,13072,980,39
738,Advanced8,Night,238,MG,QJY-88,100,0,4,0,SLAP,RMR Red Dot,Ammo Box,12981,973,40
738,Advanced8,Night,282,SG,DP-12,100,0,10,0,Armor Plate,Buckshot Shell,Red Dot,7734,966,41
738,Advanced8,Night,20075,MG,M1918 Mod,100,0,8,10,SLAP,RMR Red Dot,Ammo Box,12857,964,42
738,Advanced8,Night,275,MG,M1895 CB,100,0,10,0,SLAP,RMR Red Dot,Ammo Box,12840,963,43
738,Advanced8,Night,281,SG,CAWS,100,0,8,0,Armor Plate,Buckshot Shell,Red Dot,7672,959,44
738,Advanced8,Night,157,SG,Am KSG,100,0,6,0,Armor Plate,Buckshot Shell,Red Dot,7592,949,45
738,Advanced8,Night,20154,SG,M500 Mod,100,0,6,10,Armor Plate,Buckshot Shell,Red Dot,7549,943,46
738,Advanced8,Night,20152,SG,M1897 Mod,100,0,2,7,Armor Plate,Buckshot Shell,Red Dot,7485,935,47
738,Advanced8,Night,1025,SG,Triela,100,0,10,0,Armor Plate,Exclusive,Red Dot,7476,934,48
738,Advanced8,Night,262,AR,EM-2,100,0,10,0,Optical,HV Round,T-Exo,4963,930,49
738,Advanced8,Night,162,SG,SPAS-12,100,0,10,0,Armor Plate,Buckshot Shell,Red Dot,5924,888,50
738,Advanced8,Night,153,SG,M37,100,0,4,0,Armor Plate,Buckshot Shell,Red Dot,7087,885,51
738,Advanced8,Night,159,SG,RMB-93,100,0,1,0,Armor Plate,Buckshot Shell,Holographic,6668,833,52
738,Advanced8,Night,183,HG,Contender,100,0,10,0,Silencer,AP Round,T-Exo,4756,832,53
738,Advanced8,Night,163,SG,AA-12,100,0,10,0,Armor Plate,Exclusive,Holographic,6416,802,54
738,Advanced8,Night,325,SG,PM5,100,0,1,0,Armor Plate,Buckshot Shell,Holographic,5353,802,55
738,Advanced8,Night,20026,SMG,Gr MP5 Mod,100,0,10,10,Exclusive,HP Round,Exclusive,7121,801,56
738,Advanced8,Night,213,SMG,C-MS,100,0,10,0,T-Exo,AP Round,Holographic,7090,797,57
738,Advanced8,Night,138,AR,6P62,93.5448,0,1,0,Optical,AP Round,T-Exo,4170,781,58
738,Advanced8,Night,20097,HG,M950A Mod,100,0,10,10,Exclusive,HP Round,X-Exo,4419,773,59
738,Advanced8,Night,20101,SMG,UMP9 Mod,100,0,10,10,T-Exo,HP Round,Exclusive,6768,761,60
738,Advanced8,Night,20032,SMG,Micro Uzi Mod,100,0,10,10,T-Exo,HP Round,Exclusive,6644,747,61
738,Advanced8,Night,20007,HG,Stechkin Mod,100,0,10,10,Exclusive,HP Round,Exclusive,4156,727,62
738,Advanced8,Night,20053,RF,NTW-20 Mod,100,0,10,10,Exclusive,Optical,Camo Cloak,7250,725,63
738,Advanced8,Night,1023,SMG,Henrietta,100,0,10,0,T-Exo,HP Round,Exclusive,6395,719,64
738,Advanced8,Night,261,RF,QBU-88,100,0,10,0,AP Round,Optical,Camo Cloak,7190,719,65
738,Advanced8,Night,245,SMG,P90,100,0,10,0,T-Exo,HP Round,Holographic,6343,713,66
738,Advanced8,Night,20095,RF,Type88 Mod,200,1,10,8,Exclusive,Exclusive,Camo Cloak,7122,712,67
738,Advanced8,Night,20103,SMG,UMP45 Mod,100,0,10,10,T-Exo,HP Round,Exclusive,6312,710,68
738,Advanced8,Night,20031,SMG,M38 Mod,100,0,10,10,T-Exo,HP Round,Exclusive,6280,706,69
738,Advanced8,Night,20001,HG,SAA Mod,100,0,10,10,Exclusive,HP Round,T-Exo,3998,699,70
738,Advanced8,Night,20136,SMG,PP-19 Mod,100,0,10,7,T-Exo,HP Round,Holographic,6217,699,71
738,Advanced8,Night,20039,RF,Mosin-Nagant Mod,100,0,10,9,AP Round,Optical,Exclusive,6983,698,72
738,Advanced8,Night,20252,RF,KSVK Mod,100,0,6,10,Exclusive,Optical,Camo Cloak,6980,698,73
738,Advanced8,Night,50,RF,Lee Enfield,100,0,10,0,AP Round,Exclusive,Camo Cloak,6968,696,74
738,Advanced8,Night,1031,RF,Pekola,100,0,10,0,AP Round,Optical,Exclusive,6968,696,75
738,Advanced8,Night,266,RF,R93,100,0,10,0,AP Round,Optical,Camo Cloak,6957,695,76
738,Advanced8,Night,16,SMG,Thompson,100,0,8,0,T-Exo,HP Round,Holographic,6178,695,77
738,Advanced8,Night,36,RF,Springfield,100,0,4,0,Exclusive,Optical,Camo Cloak,6911,691,78
738,Advanced8,Night,1024,RF,Rico,100,0,10,0,AP Round,Optical,Exclusive,6907,690,79
738,Advanced8,Night,234,SMG,JS 9,100,0,10,0,T-Exo,HP Round,Holographic,6061,681,80
738,Advanced8,Night,259,SMG,PM-9,100,0,8,0,T-Exo,HP Round,Holographic,6048,680,81
738,Advanced8,Night,143,SMG,RO635,100,0,10,0,T-Exo,HP Round,Holographic,6033,678,82
738,Advanced8,Night,28,SMG,Gr MP7,100,0,10,0,T-Exo,HP Round,Holographic,6030,678,83
738,Advanced8,Night,242,HG,P22,100,0,10,0,Silencer,HP Round,X-Exo,3865,676,84
738,Advanced8,Night,294,HG,Webley,92.2638,0,10,0,Silencer,HP Round,T-Exo,3859,675,85
738,Advanced8,Night,48,RF,WA2000,100,0,10,0,AP Round,Optical,Camo Cloak,6735,673,86
738,Advanced8,Night,20037,RF,M14 Mod,100,0,10,6,AP Round,Optical,Camo Cloak,6719,671,87
738,Advanced8,Night,296,RF,Gr SL8,100,0,10,0,AP Round,Optical,Camo Cloak,6719,671,88
738,Advanced8,Night,329,RF,SVCh,100,0,10,0,AP Round,Optical,Camo Cloak,6697,669,89
738,Advanced8,Night,204,RF,Ballista,100,0,10,0,AP Round,Optical,Camo Cloak,6661,666,90
738,Advanced8,Night,114,HG,Welrod MkⅡ,100,0,10,0,Silencer,HP Round,T-Exo,3798,664,91
738,Advanced8,Night,231,RF,M82A1,100,0,10,0,AP Round,Optical,Camo Cloak,6641,664,92
738,Advanced8,Night,250,HG,HS2000,100,0,10,0,Silencer,HP Round,X-Exo,3783,662,93
738,Advanced8,Night,303,HG,HP-35,100,0,10,0,Silencer,HP Round,T-Exo,3772,660,94
738,Advanced8,Night,20221,HG,GSh-18 Mod,100,0,10,1,Silencer,HP Round,T-Exo,3761,658,95
738,Advanced8,Night,104,SMG,Gr G36c,100,0,10,0,T-Exo,HP Round,Silencer,5848,657,96
738,Advanced8,Night,260,HG,PA-15,100,0,10,0,Silencer,HP Round,X-Exo,3745,655,97
738,Advanced8,Night,4,HG,Python,100,0,10,0,Silencer,HP Round,T-Exo,3739,654,98
738,Advanced8,Night,96,HG,Grizzly,100,0,10,0,Silencer,HP Round,T-Exo,3737,653,99
738,Advanced8,Night,285,HG,C-93,100,0,10,0,Silencer,HP Round,X-Exo,3732,653,100
738,Advanced8,Night,233,HG,Px4 Storm,100,0,10,0,Silencer,HP Round,X-Exo,3726,652,101
738,Advanced8,Night,115,SMG,Suomi,100,0,4,0,T-Exo,HP Round,Silencer,5789,651,102
738,Advanced8,Night,272,HG,Desert Eagle,100,0,10,0,Silencer,HP Round,T-Exo,3724,651,103
738,Advanced8,Night,142,HG,Five-seven,100,0,10,0,Silencer,HP Round,X-Exo,3674,642,104
738,Advanced8,Night,1028,SMG,Agent Vector,100,0,10,0,Exclusive,Exclusive,Silencer,5668,637,105
738,Advanced8,Night,20002,HG,M1911 Mod,100,0,8,10,Silencer,Exclusive,X-Exo,3602,630,106
738,Advanced8,Night,127,SMG,Type79,100,0,4,0,X-Exo,Exclusive,Silencer,5470,615,107
738,Advanced8,Night,20005,HG,M1895 Mod,100,0,10,10,Silencer,Flaregun,X-Exo,3508,613,108
738,Advanced8,Night,1026,MG,Claes,100,0,1,0,AP Round,Exclusive,Ammo Box,8162,612,109
738,Advanced8,Night,20081,MG,LWMMG Mod,100,0,8,10,AP Round,Optical,Ammo Box,8125,609,110
738,Advanced8,Night,251,SMG,X95,100,0,8,0,X-Exo,Flaregun,Silencer,5352,602,111
738,Advanced8,Night,20029,SMG,STEN MkⅡ Mod,100,0,1,0,X-Exo,Flaregun,Silencer,5318,598,112
738,Advanced8,Night,276,MG,Kord,100,0,10,0,AP Round,Optical,Ammo Box,7818,586,113
738,Advanced8,Night,199,MG,Type80,100,0,1,0,AP Round,Optical,Ammo Box,7515,563,114
738,Advanced8,Night,78,MG,M60,100,0,1,0,AP Round,Optical,Ammo Box,7343,550,115
738,Advanced8,Night,121,MG,Mk48,100,0,1,0,AP Round,Optical,Ammo Box,7328,549,116
743,Critical3,Night,20055,AR,M4A1 Mod,200,1,10,10,Optical,HV Round,Exclusive,8492,1061,1
743,Critical3,Night,20065,AR,416 Mod,100,0,10,10,Exclusive,HV Round,Exclusive,7162,895,2
743,Critical3,Night,213,SMG,C-MS,100,0,10,0,Chip,AP Round,Red Dot,7951,894,3
743,Critical3,Night,54,AR,M16A1,100,0,10,0,HV Round,Armor Plate,Exclusive,6668,833,4
743,Critical3,Night,20026,SMG,Gr MP5 Mod,100,0,10,10,Exclusive,HP Round,Exclusive,7121,801,5
743,Critical3,Night,20057,AR,ST AR-15 Mod,200,1,10,10,Optical,RMR Red Dot,Exclusive,6406,800,6
743,Critical3,Night,173,MG,PKP,100,0,10,0,SLAP,RMR Red Dot,Ammo Box,13294,797,7
743,Critical3,Night,157,SG,Am KSG,100,0,6,0,Armor Plate,Buckshot Shell,Red Dot,7592,797,8
743,Critical3,Night,20032,SMG,Micro Uzi Mod,100,0,10,10,Chip,HP Round,Exclusive,7061,794,9
743,Critical3,Night,62,AR,Gr G41,100,0,10,0,Optical,HV Round,Exclusive,6339,792,10
743,Critical3,Night,263,MG,Gr MG36,91.1059,0,1,0,SLAP,RMR Red Dot,Ammo Box,13136,788,11
743,Critical3,Night,206,AR,AK-12,100,0,10,0,Holographic,HV Round,Chip,6249,781,12
743,Critical3,Night,238,MG,QJY-88,100,0,4,0,SLAP,RMR Red Dot,Ammo Box,12981,778,13
743,Critical3,Night,20101,SMG,UMP9 Mod,100,0,10,10,Chip,HP Round,Exclusive,6915,777,14
743,Critical3,Night,1027,AR,Angelica,100,0,10,0,Optical,HV Round,Exclusive,6211,776,15
743,Critical3,Night,205,AR,AN-94,100,0,10,0,Holographic,HV Round,Chip,6193,774,16
743,Critical3,Night,20064,AR,Gr G36 Mod,100,0,10,10,Red Dot,HV Round,Chip,6138,767,17
743,Critical3,Night,122,AR,Gr G11,100,0,10,0,Holographic,HV Round,Chip,6046,755,18
743,Critical3,Night,20056,AR,M4 SOPMOD II Mod,100,0,10,10,Optical,RMR Red Dot,HV Round,6004,750,19
743,Critical3,Night,73,AR,AUG,100,0,8,0,Holographic,HV Round,Chip,5989,748,20
743,Critical3,Night,289,AR,R5,92.4156,0,8,0,Holographic,HV Round,Chip,5974,746,21
743,Critical3,Night,20060,AR,AS Val Mod,100,0,10,8,Holographic,HV Round,Chip,5965,745,22
743,Critical3,Night,236,AR,K11,100,0,10,0,Holographic,HV Round,Chip,5958,744,23
743,Critical3,Night,215,AR,MDR,100,0,10,0,Red Dot,HV Round,Chip,5939,742,24
743,Critical3,Night,245,SMG,P90,100,0,10,0,Chip,HP Round,Red Dot,6581,740,25
743,Critical3,Night,1023,SMG,Henrietta,100,0,10,0,Chip,HP Round,Red Dot,6581,740,26
743,Critical3,Night,194,AR,K2,100,0,10,0,Holographic,HV Round,Chip,5908,738,27
743,Critical3,Night,172,AR,Am RFB,100,0,10,0,Exclusive,HV Round,Chip,5883,735,28
743,Critical3,Night,293,AR,AK-15,74.8405,0,8,0,Red Dot,HV Round,Chip,5872,734,29
743,Critical3,Night,119,AR,OTs-14,100,0,10,0,Holographic,HV Round,Chip,5792,724,30
743,Critical3,Night,306,AR,AK-Alfa,100,0,1,0,Holographic,HV Round,Chip,5786,723,31
743,Critical3,Night,1029,AR,Agent 416,100,0,10,0,Red Dot,HV Round,Chip,5779,722,32
743,Critical3,Night,243,AR,64 Shiki,100,0,1,0,Red Dot,HV Round,Chip,5771,721,33
743,Critical3,Night,20103,SMG,UMP45 Mod,100,0,10,10,T-Exo,HP Round,Exclusive,6312,710,34
743,Critical3,Night,20031,SMG,M38 Mod,100,0,10,10,T-Exo,HP Round,Red Dot,6279,706,35
743,Critical3,Night,188,SG,S.A.T.8,100,0,10,0,Armor Plate,Buckshot Shell,Red Dot,8040,703,36
743,Critical3,Night,16,SMG,Thompson,100,0,8,0,T-Exo,HP Round,Red Dot,6250,703,37
743,Critical3,Night,20136,SMG,PP-19 Mod,100,0,10,7,T-Exo,HP Round,Red Dot,6248,702,38
743,Critical3,Night,323,SG,LTLX7000,90.6178,0,10,0,Armor Plate,Buckshot Shell,Red Dot,8007,700,39
743,Critical3,Night,125,MG,Gr MG4,100,0,8,0,SLAP,Exclusive,Ammo Box,13951,697,40
743,Critical3,Night,1034,SG,Minos,100,0,2,0,Armor Plate,Buckshot Shell,Exclusive,7931,693,41
743,Critical3,Night,127,SMG,Type79,100,0,4,0,T-Exo,Exclusive,Red Dot,6124,688,42
743,Critical3,Night,253,MG,Lewis,100,0,10,0,SLAP,RMR Red Dot,Ammo Box,13730,686,43
743,Critical3,Night,259,SMG,PM-9,100,0,8,0,T-Exo,HP Round,Red Dot,6095,685,44
743,Critical3,Night,28,SMG,Gr MP7,100,0,10,0,T-Exo,HP Round,Red Dot,6088,684,45
743,Critical3,Night,234,SMG,JS 9,100,0,10,0,T-Exo,HP Round,Red Dot,6083,684,46
743,Critical3,Night,143,SMG,RO635,100,0,10,0,T-Exo,HP Round,Red Dot,6064,682,47
743,Critical3,Night,104,SMG,Gr G36c,100,0,10,0,T-Exo,HP Round,Red Dot,6012,676,48
743,Critical3,Night,282,SG,DP-12,100,0,10,0,Armor Plate,Buckshot Shell,Red Dot,7734,676,49
743,Critical3,Night,130,AR,Type97,100,0,8,0,Exclusive,HV Round,T-Exo,5368,671,50
743,Critical3,Night,292,MG,RPK-16,100,0,10,0,SLAP,RMR Red Dot,Ammo Box,13418,670,51
743,Critical3,Night,20,SMG,Vector,100,0,10,0,T-Exo,HP Round,Holographic,5916,665,52
743,Critical3,Night,1028,SMG,Agent Vector,100,0,10,0,T-Exo,HP Round,Holographic,5916,665,53
743,Critical3,Night,251,SMG,X95,100,0,8,0,T-Exo,HP Round,Holographic,5911,664,54
743,Critical3,Night,115,SMG,Suomi,100,0,4,0,T-Exo,HP Round,Holographic,5863,659,55
743,Critical3,Night,106,AR,FAL,100,0,8,0,Optical,HV Round,T-Exo,5271,658,56
743,Critical3,Night,196,AR,Zas M21,100,0,8,0,Optical,HV Round,T-Exo,5258,657,57
743,Critical3,Night,281,SG,CAWS,100,0,8,0,Armor Plate,Buckshot Shell,Holographic,7499,656,58
743,Critical3,Night,135,SMG,SR-3MP,100,0,8,0,T-Exo,HP Round,Holographic,5817,654,59
743,Critical3,Night,109,MG,Gr MG5,100,0,8,0,SLAP,RMR Red Dot,Ammo Box,13072,653,60
743,Critical3,Night,20029,SMG,STEN MkⅡ Mod,100,0,1,0,T-Exo,HP Round,Holographic,5797,652,61
743,Critical3,Night,20071,AR,Galil Mod,100,0,10,2,Optical,HV Round,T-Exo,5188,648,62
743,Critical3,Night,20154,SG,M500 Mod,100,0,6,10,Armor Plate,Buckshot Shell,Holographic,7359,643,63
743,Critical3,Night,20075,MG,M1918 Mod,100,0,8,10,SLAP,RMR Red Dot,Ammo Box,12857,642,64
743,Critical3,Night,275,MG,M1895 CB,100,0,10,0,SLAP,RMR Red Dot,Ammo Box,12840,642,65
743,Critical3,Night,20081,MG,LWMMG Mod,100,0,8,10,SLAP,RMR Red Dot,Ammo Box,12782,639,66
743,Critical3,Night,20152,SG,M1897 Mod,100,0,2,7,Armor Plate,Buckshot Shell,Holographic,7284,637,67
743,Critical3,Night,164,SG,FP-6,100,0,8,0,Armor Plate,Buckshot Shell,Holographic,6065,636,68
743,Critical3,Night,276,MG,Kord,100,0,10,0,SLAP,RMR Red Dot,Ammo Box,12638,631,69
743,Critical3,Night,287,AR,SIG-556,100,0,1,0,Optical,HV Round,T-Exo,4998,624,70
743,Critical3,Night,262,AR,EM-2,100,0,10,0,Optical,HV Round,T-Exo,4963,620,71
743,Critical3,Night,102,SMG,UMP40,100,0,8,0,T-Exo,HP Round,Silencer,5477,616,72
743,Critical3,Night,203,SMG,Honey Badger,100,0,8,0,T-Exo,HP Round,Silencer,5480,616,73
743,Critical3,Night,1025,SG,Triela,100,0,10,0,Armor Plate,Exclusive,Optical,6952,608,74
743,Critical3,Night,280,SMG,MAT-49,100,0,1,0,T-Exo,HP Round,Silencer,5318,598,75
743,Critical3,Night,153,SG,M37,100,0,4,0,Armor Plate,Slug Shell,Optical,6734,589,76
743,Critical3,Night,27,SMG,Skorpion,100,0,8,0,T-Exo,HP Round,Silencer,5163,580,77
743,Critical3,Night,159,SG,RMB-93,100,0,1,0,Armor Plate,Slug Shell,Optical,6469,566,78
743,Critical3,Night,163,SG,AA-12,100,0,10,0,Armor Plate,Exclusive,Optical,6380,558,79
743,Critical3,Night,20094,SMG,Type64 Mod,100,0,1,0,X-Exo,HP Round,Silencer,4840,544,80
743,Critical3,Night,20093,SMG,IDW Mod,100,0,1,1,X-Exo,HP Round,Silencer,4833,543,81
743,Critical3,Night,22,SMG,PPS-43,100,0,8,0,X-Exo,HP Round,Silencer,4785,538,82
743,Critical3,Night,18,SMG,Ingram,100,0,3,0,X-Exo,HP Round,Silencer,4730,532,83
743,Critical3,Night,1030,SMG,Jashin-chan,100,0,2,0,Exclusive,HP Round,Silencer,4707,529,84
743,Critical3,Night,17,SMG,M3,100,0,1,0,X-Exo,HP Round,Silencer,4689,527,85
743,Critical3,Night,228,SMG,100 Shiki,100,0,1,0,X-Exo,HP Round,Exclusive,4658,524,86
743,Critical3,Night,160,SG,Saiga-12,100,0,8,0,Armor Plate,Slug Shell,Optical,5839,510,87
743,Critical3,Night,138,AR,6P62,93.5448,0,1,0,Optical,AP Round,X-Exo,4072,509,88
743,Critical3,Night,311,SMG,Lusa,80.8831,0,10,0,X-Exo,Flaregun,Silencer,4380,492,89
743,Critical3,Night,224,SMG,PM-06,100,0,8,0,X-Exo,Flaregun,Silencer,4346,488,90
743,Critical3,Night,92,SMG,Spectre M4,100,0,1,0,X-Exo,Flaregun,Silencer,4216,474,91
743,Critical3,Night,183,HG,Contender,100,0,10,0,Silencer,AP Round,X-Exo,4751,415,92
743,Critical3,Night,1026,MG,Claes,100,0,1,0,AP Round,Exclusive,Ammo Box,8162,408,93
743,Critical3,Night,264,MG,Chauchat,88.5464,0,1,0,AP Round,Optical,Ammo Box,7601,380,94
743,Critical3,Night,199,MG,Type80,100,0,1,0,AP Round,Optical,Ammo Box,7515,375,95
743,Critical3,Night,78,MG,M60,100,0,1,0,AP Round,Optical,Ammo Box,7343,367,96
743,Critical3,Night,121,MG,Mk48,100,0,1,0,AP Round,Optical,Ammo Box,7328,366,97
743,Critical3,Night,85,MG,PK,100,0,8,0,AP Round,Optical,Ammo Box,7295,364,98
743,Critical3,Night,20053,RF,NTW-20 Mod,100,0,10,10,Exclusive,Optical,Camo Cloak,7250,362,99
743,Critical3,Night,261,RF,QBU-88,100,0,10,0,AP Round,Optical,Camo Cloak,7190,359,100
743,Critical3,Night,20095,RF,Type88 Mod,200,1,10,8,Exclusive,Exclusive,Camo Cloak,7122,356,101
743,Critical3,Night,20039,RF,Mosin-Nagant Mod,100,0,10,9,AP Round,Optical,Exclusive,6983,349,102
743,Critical3,Night,20252,RF,KSVK Mod,100,0,6,10,Exclusive,Optical,Camo Cloak,6980,349,103
743,Critical3,Night,50,RF,Lee Enfield,100,0,10,0,AP Round,Exclusive,Camo Cloak,6968,348,104
743,Critical3,Night,1031,RF,Pekola,100,0,10,0,AP Round,Optical,Exclusive,6968,348,105
743,Critical3,Night,266,RF,R93,100,0,10,0,AP Round,Optical,Camo Cloak,6957,347,106
743,Critical3,Night,36,RF,Springfield,100,0,4,0,Exclusive,Optical,Camo Cloak,6911,345,107
743,Critical3,Night,1024,RF,Rico,100,0,10,0,AP Round,Optical,Exclusive,6907,345,108
743,Critical3,Night,48,RF,WA2000,100,0,10,0,AP Round,Optical,Camo Cloak,6735,336,109
743,Critical3,Night,20037,RF,M14 Mod,100,0,10,6,AP Round,Optical,Camo Cloak,6719,335,110
743,Critical3,Night,296,RF,Gr SL8,100,0,10,0,AP Round,Optical,Camo Cloak,6719,335,111
743,Critical3,Night,329,RF,SVCh,100,0,10,0,AP Round,Optical,Camo Cloak,6697,334,112
743,Critical3,Night,204,RF,Ballista,100,0,10,0,AP Round,Optical,Camo Cloak,6661,333,113
743,Critical3,Night,231,RF,M82A1,100,0,10,0,AP Round,Optical,Camo Cloak,6641,332,114
743,Critical3,Night,20002,HG,M1911 Mod,100,0,8,10,Silencer,Exclusive,X-Exo,3602,315,115
746,Critical6,Night,20055,AR,M4A1 Mod,200,1,10,10,Optical,HV Round,Exclusive,8492,1061,1
746,Critical6,Night,125,MG,Gr MG4,100,0,8,0,SLAP,Exclusive,Ammo Box,13951,1046,2
746,Critical6,Night,253,MG,Lewis,100,0,10,0,SLAP,RMR Red Dot,Ammo Box,13730,1029,3
746,Critical6,Night,292,MG,RPK-16,100,0,10,0,SLAP,RMR Red Dot,Ammo Box,13418,1006,4
746,Critical6,Night,188,SG,S.A.T.8,100,0,10,0,Armor Plate,Buckshot Shell,Red Dot,8040,1005,5
746,Critical6,Night,323,SG,LTLX7000,90.6178,0,10,0,Armor Plate,Buckshot Shell,Red Dot,8007,1000,6
746,Critical6,Night,173,MG,PKP,100,0,10,0,SLAP,RMR Red Dot,Ammo Box,13294,997,7
746,Critical6,Night,1034,SG,Minos,100,0,2,0,Armor Plate,Buckshot Shell,Exclusive,7931,991,8
746,Critical6,Night,263,MG,Gr MG36,91.1059,0,1,0,SLAP,RMR Red Dot,Ammo Box,13136,985,9
746,Critical6,Night,109,MG,Gr MG5,100,0,8,0,SLAP,RMR Red Dot,Ammo Box,13072,980,10
746,Critical6,Night,238,MG,QJY-88,100,0,4,0,SLAP,RMR Red Dot,Ammo Box,12981,973,11
746,Critical6,Night,282,SG,DP-12,100,0,10,0,Armor Plate,Buckshot Shell,Red Dot,7734,966,12
746,Critical6,Night,20075,MG,M1918 Mod,100,0,8,10,SLAP,RMR Red Dot,Ammo Box,12857,964,13
746,Critical6,Night,275,MG,M1895 CB,100,0,10,0,SLAP,RMR Red Dot,Ammo Box,12840,963,14
746,Critical6,Night,281,SG,CAWS,100,0,8,0,Armor Plate,Buckshot Shell,Red Dot,7672,959,15
746,Critical6,Night,20081,MG,LWMMG Mod,100,0,8,10,SLAP,RMR Red Dot,Ammo Box,12782,958,16
746,Critical6,Night,157,SG,Am KSG,100,0,6,0,Armor Plate,Buckshot Shell,Red Dot,7592,949,17
746,Critical6,Night,276,MG,Kord,100,0,10,0,SLAP,RMR Red Dot,Ammo Box,12638,947,18
746,Critical6,Night,20154,SG,M500 Mod,100,0,6,10,Armor Plate,Buckshot Shell,Red Dot,7549,943,19
746,Critical6,Night,20152,SG,M1897 Mod,100,0,2,7,Armor Plate,Buckshot Shell,Red Dot,7485,935,20
746,Critical6,Night,1025,SG,Triela,100,0,10,0,Armor Plate,Exclusive,Red Dot,7476,934,21
746,Critical6,Night,20065,AR,416 Mod,100,0,10,10,Exclusive,HV Round,Exclusive,7162,895,22
746,Critical6,Night,213,SMG,C-MS,100,0,10,0,Chip,AP Round,Red Dot,7951,894,23
746,Critical6,Night,153,SG,M37,100,0,4,0,Armor Plate,Buckshot Shell,Red Dot,7087,885,24
746,Critical6,Night,159,SG,RMB-93,100,0,1,0,Armor Plate,Buckshot Shell,Red Dot,6849,856,25
746,Critical6,Night,54,AR,M16A1,100,0,10,0,HV Round,Armor Plate,Exclusive,6668,833,26
746,Critical6,Night,299,SG,HSM10,100,0,1,0,Armor Plate,Buckshot Shell,Red Dot,5430,814,27
746,Critical6,Night,278,SG,Six12,92.5624,0,1,0,Armor Plate,Buckshot Shell,Red Dot,5412,811,28
746,Critical6,Night,163,SG,AA-12,100,0,10,0,Armor Plate,Exclusive,Holographic,6416,802,29
746,Critical6,Night,20026,SMG,Gr MP5 Mod,100,0,10,10,Exclusive,HP Round,Exclusive,7121,801,30
746,Critical6,Night,20057,AR,ST AR-15 Mod,200,1,10,10,Optical,RMR Red Dot,Exclusive,6406,800,31
746,Critical6,Night,20032,SMG,Micro Uzi Mod,100,0,10,10,Chip,HP Round,Exclusive,7061,794,32
746,Critical6,Night,62,AR,Gr G41,100,0,10,0,Optical,HV Round,Exclusive,6339,792,33
746,Critical6,Night,206,AR,AK-12,100,0,10,0,Holographic,HV Round,Chip,6249,781,34
746,Critical6,Night,20101,SMG,UMP9 Mod,100,0,10,10,Chip,HP Round,Exclusive,6915,777,35
746,Critical6,Night,1027,AR,Angelica,100,0,10,0,Optical,HV Round,Exclusive,6211,776,36
746,Critical6,Night,205,AR,AN-94,100,0,10,0,Holographic,HV Round,Chip,6193,774,37
746,Critical6,Night,20064,AR,Gr G36 Mod,100,0,10,10,Red Dot,HV Round,Chip,6138,767,38
746,Critical6,Night,122,AR,Gr G11,100,0,10,0,Holographic,HV Round,Chip,6046,755,39
746,Critical6,Night,20056,AR,M4 SOPMOD II Mod,100,0,10,10,Optical,RMR Red Dot,HV Round,6004,750,40
746,Critical6,Night,73,AR,AUG,100,0,8,0,Holographic,HV Round,Chip,5989,748,41
746,Critical6,Night,289,AR,R5,92.4156,0,8,0,Holographic,HV Round,Chip,5974,746,42
746,Critical6,Night,20060,AR,AS Val Mod,100,0,10,8,Holographic,HV Round,Chip,5965,745,43
746,Critical6,Night,236,AR,K11,100,0,10,0,Holographic,HV Round,Chip,5958,744,44
746,Critical6,Night,215,AR,MDR,100,0,10,0,Red Dot,HV Round,Chip,5939,742,45
746,Critical6,Night,245,SMG,P90,100,0,10,0,Chip,HP Round,Red Dot,6581,740,46
746,Critical6,Night,1023,SMG,Henrietta,100,0,10,0,Chip,HP Round,Red Dot,6581,740,47
746,Critical6,Night,194,AR,K2,100,0,10,0,Holographic,HV Round,Chip,5908,738,48
746,Critical6,Night,172,AR,Am RFB,100,0,10,0,Exclusive,HV Round,Chip,5883,735,49
746,Critical6,Night,293,AR,AK-15,74.8405,0,8,0,Red Dot,HV Round,Chip,5872,734,50
746,Critical6,Night,20053,RF,NTW-20 Mod,100,0,10,10,Exclusive,Optical,Camo Cloak,7250,725,51
746,Critical6,Night,119,AR,OTs-14,100,0,10,0,Holographic,HV Round,Chip,5792,724,52
746,Critical6,Night,306,AR,AK-Alfa,100,0,1,0,Holographic,HV Round,Chip,5786,723,53
746,Critical6,Night,1029,AR,Agent 416,100,0,10,0,Red Dot,HV Round,Chip,5779,722,54
746,Critical6,Night,243,AR,64 Shiki,100,0,1,0,Red Dot,HV Round,Chip,5771,721,55
746,Critical6,Night,261,RF,QBU-88,100,0,10,0,AP Round,Optical,Camo Cloak,7190,719,56
746,Critical6,Night,20095,RF,Type88 Mod,200,1,10,8,Exclusive,Exclusive,Camo Cloak,7122,712,57
746,Critical6,Night,20103,SMG,UMP45 Mod,100,0,10,10,T-Exo,HP Round,Exclusive,6312,710,58
746,Critical6,Night,20031,SMG,M38 Mod,100,0,10,10,T-Exo,HP Round,Red Dot,6279,706,59
746,Critical6,Night,20136,SMG,PP-19 Mod,100,0,10,7,T-Exo,HP Round,Holographic,6217,699,60
746,Critical6,Night,20039,RF,Mosin-Nagant Mod,100,0,10,9,AP Round,Optical,Exclusive,6983,698,61
746,Critical6,Night,20252,RF,KSVK Mod,100,0,6,10,Exclusive,Optical,Camo Cloak,6980,698,62
746,Critical6,Night,50,RF,Lee Enfield,100,0,10,0,AP Round,Exclusive,Camo Cloak,6968,696,63
746,Critical6,Night,1031,RF,Pekola,100,0,10,0,AP Round,Optical,Exclusive,6968,696,64
746,Critical6,Night,266,RF,R93,100,0,10,0,AP Round,Optical,Camo Cloak,6957,695,65
746,Critical6,Night,16,SMG,Thompson,100,0,8,0,T-Exo,HP Round,Holographic,6178,695,66
746,Critical6,Night,36,RF,Springfield,100,0,4,0,Exclusive,Optical,Camo Cloak,6911,691,67
746,Critical6,Night,1024,RF,Rico,100,0,10,0,AP Round,Optical,Exclusive,6907,690,68
746,Critical6,Night,234,SMG,JS 9,100,0,10,0,T-Exo,HP Round,Holographic,6061,681,69
746,Critical6,Night,259,SMG,PM-9,100,0,8,0,T-Exo,HP Round,Holographic,6048,680,70
746,Critical6,Night,143,SMG,RO635,100,0,10,0,T-Exo,HP Round,Holographic,6033,678,71
746,Critical6,Night,28,SMG,Gr MP7,100,0,10,0,T-Exo,HP Round,Holographic,6030,678,72
746,Critical6,Night,48,RF,WA2000,100,0,10,0,AP Round,Optical,Camo Cloak,6735,673,73
746,Critical6,Night,127,SMG,Type79,100,0,4,0,T-Exo,Exclusive,Holographic,5978,672,74
746,Critical6,Night,20037,RF,M14 Mod,100,0,10,6,AP Round,Optical,Camo Cloak,6719,671,75
746,Critical6,Night,130,AR,Type97,100,0,8,0,Exclusive,HV Round,T-Exo,5368,671,76
746,Critical6,Night,296,RF,Gr SL8,100,0,10,0,AP Round,Optical,Camo Cloak,6719,671,77
746,Critical6,Night,329,RF,SVCh,100,0,10,0,AP Round,Optical,Camo Cloak,6697,669,78
746,Critical6,Night,104,SMG,Gr G36c,100,0,10,0,T-Exo,HP Round,Holographic,5944,668,79
746,Critical6,Night,204,RF,Ballista,100,0,10,0,AP Round,Optical,Camo Cloak,6661,666,80
746,Critical6,Night,20,SMG,Vector,100,0,10,0,T-Exo,HP Round,Holographic,5916,665,81
746,Critical6,Night,231,RF,M82A1,100,0,10,0,AP Round,Optical,Camo Cloak,6641,664,82
746,Critical6,Night,106,AR,FAL,100,0,8,0,Optical,HV Round,T-Exo,5271,658,83
746,Critical6,Night,196,AR,Zas M21,100,0,8,0,Optical,HV Round,T-Exo,5258,657,84
746,Critical6,Night,115,SMG,Suomi,100,0,4,0,T-Exo,HP Round,Silencer,5789,651,85
746,Critical6,Night,20071,AR,Galil Mod,100,0,10,2,Optical,HV Round,T-Exo,5188,648,86
746,Critical6,Night,251,SMG,X95,100,0,8,0,T-Exo,HP Round,Silencer,5754,647,87
746,Critical6,Night,20029,SMG,STEN MkⅡ Mod,100,0,1,0,T-Exo,HP Round,Silencer,5727,644,88
746,Critical6,Night,1028,SMG,Agent Vector,100,0,10,0,T-Exo,HP Round,Silencer,5668,637,89
746,Critical6,Night,135,SMG,SR-3MP,100,0,8,0,T-Exo,HP Round,Silencer,5657,636,90
746,Critical6,Night,287,AR,SIG-556,100,0,1,0,Optical,HV Round,T-Exo,4998,624,91
746,Critical6,Night,262,AR,EM-2,100,0,10,0,Optical,HV Round,T-Exo,4963,620,92
746,Critical6,Night,102,SMG,UMP40,100,0,8,0,T-Exo,HP Round,Silencer,5477,616,93
746,Critical6,Night,203,SMG,Honey Badger,100,0,8,0,T-Exo,HP Round,Silencer,5480,616,94
746,Critical6,Night,1026,MG,Claes,100,0,1,0,AP Round,Exclusive,Ammo Box,8162,612,95
746,Critical6,Night,280,SMG,MAT-49,100,0,1,0,T-Exo,HP Round,Silencer,5318,598,96
746,Critical6,Night,27,SMG,Skorpion,100,0,8,0,T-Exo,HP Round,Silencer,5163,580,97
746,Critical6,Night,264,MG,Chauchat,88.5464,0,1,0,AP Round,Optical,Ammo Box,7601,570,98
746,Critical6,Night,199,MG,Type80,100,0,1,0,AP Round,Optical,Ammo Box,7515,563,99
746,Critical6,Night,78,MG,M60,100,0,1,0,AP Round,Optical,Ammo Box,7343,550,100
746,Critical6,Night,121,MG,Mk48,100,0,1,0,AP Round,Optical,Ammo Box,7328,549,101
746,Critical6,Night,85,MG,PK,100,0,8,0,AP Round,Optical,Ammo Box,7295,547,102
746,Critical6,Night,20094,SMG,Type64 Mod,100,0,1,0,X-Exo,HP Round,Silencer,4840,544,103
746,Critical6,Night,20093,SMG,IDW Mod,100,0,1,1,X-Exo,HP Round,Silencer,4833,543,104
746,Critical6,Night,22,SMG,PPS-43,100,0,8,0,X-Exo,HP Round,Silencer,4785,538,105
746,Critical6,Night,18,SMG,Ingram,100,0,3,0,X-Exo,HP Round,Silencer,4730,532,106
746,Critical6,Night,1030,SMG,Jashin-chan,100,0,2,0,Exclusive,HP Round,Silencer,4707,529,107
746,Critical6,Night,17,SMG,M3,100,0,1,0,X-Exo,HP Round,Silencer,4689,527,108
746,Critical6,Night,228,SMG,100 Shiki,100,0,1,0,X-Exo,HP Round,Exclusive,4658,524,109
746,Critical6,Night,138,AR,6P62,93.5448,0,1,0,Optical,AP Round,X-Exo,4072,509,110
746,Critical6,Night,311,SMG,Lusa,80.8831,0,10,0,X-Exo,Flaregun,Silencer,4380,492,111
746,Critical6,Night,224,SMG,PM-06,100,0,8,0,X-Exo,Flaregun,Silencer,4346,488,112
746,Critical6,Night,92,SMG,Spectre M4,100,0,1,0,X-Exo,Flaregun,Silencer,4216,474,113
746,Critical6,Night,183,HG,Contender,100,0,10,0,Silencer,AP Round,X-Exo,4751,415,114
746,Critical6,Night,20002,HG,M1911 Mod,100,0,8,10,Silencer,Exclusive,X-Exo,3602,315,115
748,Critical8,Day,20055,AR,M4A1 Mod,200,1,10,10,Night Equip,HV Round,Exclusive,7607,2091,1
748,Critical8,Day,20065,AR,416 Mod,100,0,10,10,Night Equip,HV Round,Exclusive,6171,1697,2
748,Critical8,Day,171,AR,Ribeyrolles,100,0,8,0,Night Equip,HV Round,Chip,5021,1656,3
748,Critical8,Day,206,AR,AK-12,100,0,10,0,Night Equip,HV Round,Chip,5916,1626,4
748,Critical8,Day,205,AR,AN-94,100,0,10,0,Night Equip,HV Round,Chip,5885,1618,5
748,Critical8,Day,20057,AR,ST AR-15 Mod,200,1,10,10,Optical,Night Equip,Exclusive,5770,1586,6
748,Critical8,Day,20064,AR,Gr G36 Mod,100,0,10,10,Night Equip,HV Round,Chip,5749,1580,7
748,Critical8,Day,1027,AR,Angelica,100,0,10,0,Night Equip,HV Round,Chip,5715,1571,8
748,Critical8,Day,62,AR,Gr G41,100,0,10,0,Night Equip,HV Round,Exclusive,5648,1553,9
748,Critical8,Day,73,AR,AUG,100,0,8,0,Night Equip,HV Round,Chip,5650,1553,10
748,Critical8,Day,289,AR,R5,92.4156,0,8,0,Night Equip,HV Round,Chip,5617,1544,11
748,Critical8,Day,20060,AR,AS Val Mod,100,0,10,8,Night Equip,HV Round,Chip,5601,1540,12
748,Critical8,Day,236,AR,K11,100,0,10,0,Night Equip,HV Round,Chip,5603,1540,13
748,Critical8,Day,122,AR,Gr G11,100,0,10,0,Night Equip,HV Round,Chip,5551,1526,14
748,Critical8,Day,215,AR,MDR,100,0,10,0,Night Equip,HV Round,Chip,5550,1526,15
748,Critical8,Day,194,AR,K2,100,0,10,0,Night Equip,HV Round,Chip,5531,1521,16
748,Critical8,Day,243,AR,64 Shiki,100,0,1,0,Night Equip,HV Round,Chip,5497,1511,17
748,Critical8,Day,213,SMG,C-MS,100,0,10,0,T-Exo,AP Round,Night Equip,6360,1510,18
748,Critical8,Day,54,AR,M16A1,100,0,10,0,HV Round,Armor Plate,Exclusive,5473,1505,19
748,Critical8,Day,293,AR,AK-15,74.8405,0,8,0,Night Equip,HV Round,Chip,5473,1505,20
748,Critical8,Day,119,AR,OTs-14,100,0,10,0,Night Equip,HV Round,Chip,5444,1497,21
748,Critical8,Day,306,AR,AK-Alfa,100,0,1,0,Night Equip,HV Round,Chip,5429,1492,22
748,Critical8,Day,20056,AR,M4 SOPMOD II Mod,100,0,10,10,Night Equip,RMR Red Dot,HV Round,5425,1491,23
748,Critical8,Day,172,AR,Am RFB,100,0,10,0,Night Equip,HV Round,Chip,5408,1487,24
748,Critical8,Day,1029,AR,Agent 416,100,0,10,0,Night Equip,HV Round,Chip,5369,1476,25
748,Critical8,Day,196,AR,Zas M21,100,0,8,0,Night Equip,HV Round,Chip,5365,1475,26
748,Critical8,Day,130,AR,Type97,100,0,8,0,Night Equip,HV Round,Chip,5347,1470,27
748,Critical8,Day,20026,SMG,Gr MP5 Mod,100,0,10,10,Exclusive,Flaregun,Exclusive,6044,1435,28
748,Critical8,Day,203,SMG,Honey Badger,100,0,8,0,T-Exo,Flaregun,Silencer,4904,1397,29
748,Critical8,Day,20101,SMG,UMP9 Mod,100,0,10,10,T-Exo,Flaregun,Exclusive,5756,1367,30
748,Critical8,Day,20103,SMG,UMP45 Mod,100,0,10,10,T-Exo,HP Round,Exclusive,5633,1337,31
748,Critical8,Day,16,SMG,Thompson,100,0,8,0,T-Exo,HP Round,Silencer,5492,1304,32
748,Critical8,Day,20031,SMG,M38 Mod,100,0,10,10,T-Exo,HP Round,Silencer,5484,1302,33
748,Critical8,Day,1023,SMG,Henrietta,100,0,10,0,T-Exo,HP Round,Exclusive,5476,1300,34
748,Critical8,Day,245,SMG,P90,100,0,10,0,T-Exo,HP Round,Silencer,5429,1289,35
748,Critical8,Day,20136,SMG,PP-19 Mod,100,0,10,7,T-Exo,HP Round,Silencer,5402,1282,36
748,Critical8,Day,20032,SMG,Micro Uzi Mod,100,0,10,10,T-Exo,HP Round,Exclusive,5317,1262,37
748,Critical8,Day,234,SMG,JS 9,100,0,10,0,T-Exo,HP Round,Silencer,5251,1247,38
748,Critical8,Day,28,SMG,Gr MP7,100,0,10,0,T-Exo,HP Round,Silencer,5177,1229,39
748,Critical8,Day,104,SMG,Gr G36c,100,0,10,0,T-Exo,HP Round,Silencer,5164,1226,40
748,Critical8,Day,143,SMG,RO635,100,0,10,0,T-Exo,HP Round,Silencer,5152,1223,41
748,Critical8,Day,259,SMG,PM-9,100,0,8,0,T-Exo,HP Round,Silencer,5068,1203,42
748,Critical8,Day,115,SMG,Suomi,100,0,4,0,T-Exo,HP Round,Silencer,5036,1196,43
748,Critical8,Day,20029,SMG,STEN MkⅡ Mod,100,0,1,0,T-Exo,HP Round,Silencer,4992,1185,44
748,Critical8,Day,251,SMG,X95,100,0,8,0,T-Exo,HP Round,Silencer,4979,1182,45
748,Critical8,Day,135,SMG,SR-3MP,100,0,8,0,T-Exo,HP Round,Silencer,4961,1178,46
748,Critical8,Day,20,SMG,Vector,100,0,10,0,T-Exo,HP Round,Silencer,4941,1173,47
748,Critical8,Day,127,SMG,Type79,100,0,4,0,T-Exo,Exclusive,Silencer,4940,1173,48
748,Critical8,Day,1028,SMG,Agent Vector,100,0,10,0,T-Exo,HP Round,Silencer,4941,1173,49
748,Critical8,Day,102,SMG,UMP40,100,0,8,0,T-Exo,HP Round,Silencer,4829,1146,50
748,Critical8,Day,280,SMG,MAT-49,100,0,1,0,T-Exo,HP Round,Silencer,4678,1111,51
748,Critical8,Day,27,SMG,Skorpion,100,0,8,0,T-Exo,HP Round,Silencer,4517,1072,52
748,Critical8,Day,17,SMG,M3,100,0,1,0,T-Exo,HP Round,Silencer,4462,1059,53
748,Critical8,Day,20093,SMG,IDW Mod,100,0,1,1,X-Exo,HP Round,Silencer,4132,981,54
748,Critical8,Day,228,SMG,100 Shiki,100,0,1,0,X-Exo,HP Round,Exclusive,4103,974,55
748,Critical8,Day,22,SMG,PPS-43,100,0,8,0,X-Exo,HP Round,Silencer,4081,969,56
748,Critical8,Day,20094,SMG,Type64 Mod,100,0,1,0,X-Exo,HP Round,Silencer,4073,967,57
748,Critical8,Day,1030,SMG,Jashin-chan,100,0,2,0,Exclusive,HP Round,Silencer,4075,967,58
748,Critical8,Day,18,SMG,Ingram,100,0,3,0,X-Exo,HP Round,Silencer,4014,953,59
748,Critical8,Day,20071,AR,Galil Mod,100,0,10,2,Red Dot,HV Round,Chip,3394,933,60
748,Critical8,Day,311,SMG,Lusa,80.8831,0,10,0,X-Exo,HP Round,Silencer,3822,907,61
748,Critical8,Day,106,AR,FAL,100,0,8,0,Red Dot,HV Round,X-Exo,3272,899,62
748,Critical8,Day,224,SMG,PM-06,100,0,8,0,X-Exo,HP Round,Silencer,3770,895,63
748,Critical8,Day,1009,HG,El Clear,100,0,10,0,Exclusive,HP Round,X-Exo,3377,886,64
748,Critical8,Day,262,AR,EM-2,100,0,10,0,Silencer,HV Round,X-Exo,3217,884,65
748,Critical8,Day,323,SG,LTLX7000,90.6178,0,10,0,Armor Plate,Buckshot Shell,Red Dot,7027,878,66
748,Critical8,Day,188,SG,S.A.T.8,100,0,10,0,Armor Plate,Buckshot Shell,Red Dot,6837,854,67
748,Critical8,Day,1034,SG,Minos,100,0,2,0,Armor Plate,Buckshot Shell,Exclusive,6768,846,68
748,Critical8,Day,183,HG,Contender,100,0,10,0,RMR Red Dot,AP Round,X-Exo,3155,828,69
748,Critical8,Day,282,SG,DP-12,100,0,10,0,Armor Plate,Buckshot Shell,Red Dot,6526,815,70
748,Critical8,Day,157,SG,Am KSG,100,0,6,0,Armor Plate,Buckshot Shell,Red Dot,6430,803,71
748,Critical8,Day,20154,SG,M500 Mod,100,0,6,10,Armor Plate,Buckshot Shell,Red Dot,6365,795,72
748,Critical8,Day,281,SG,CAWS,100,0,8,0,Armor Plate,Buckshot Shell,Red Dot,6361,795,73
748,Critical8,Day,20152,SG,M1897 Mod,100,0,2,7,Armor Plate,Buckshot Shell,Red Dot,6325,790,74
748,Critical8,Day,1025,SG,Triela,100,0,10,0,Armor Plate,Exclusive,Red Dot,6137,767,75
748,Critical8,Day,153,SG,M37,100,0,4,0,Armor Plate,Buckshot Shell,Red Dot,5992,749,76
748,Critical8,Day,159,SG,RMB-93,100,0,1,0,Armor Plate,Buckshot Shell,Red Dot,5762,720,77
748,Critical8,Day,20002,HG,M1911 Mod,100,0,8,10,Silencer,Exclusive,X-Exo,2717,713,78
748,Critical8,Day,163,SG,AA-12,100,0,10,0,Armor Plate,Exclusive,Red Dot,5311,663,79
748,Critical8,Day,164,SG,FP-6,100,0,8,0,Armor Plate,Buckshot Shell,Red Dot,5305,663,80
748,Critical8,Day,160,SG,Saiga-12,100,0,8,0,Armor Plate,Buckshot Shell,Red Dot,5181,647,81
748,Critical8,Day,138,AR,6P62,93.5448,0,1,0,Red Dot,AP Round,X-Exo,2302,633,82
748,Critical8,Day,125,MG,Gr MG4,100,0,8,0,SLAP,Exclusive,Ammo Box,6122,459,83
748,Critical8,Day,253,MG,Lewis,100,0,10,0,SLAP,Red Dot,Ammo Box,5584,418,84
748,Critical8,Day,292,MG,RPK-16,100,0,10,0,SLAP,RMR Red Dot,Ammo Box,5580,418,85
748,Critical8,Day,20075,MG,M1918 Mod,100,0,8,10,SLAP,RMR Red Dot,Ammo Box,5381,403,86
748,Critical8,Day,263,MG,Gr MG36,91.1059,0,1,0,SLAP,RMR Red Dot,Ammo Box,5333,399,87
748,Critical8,Day,173,MG,PKP,100,0,10,0,SLAP,Red Dot,Ammo Box,5260,394,88
748,Critical8,Day,109,MG,Gr MG5,100,0,8,0,SLAP,Red Dot,Ammo Box,5255,394,89
748,Critical8,Day,238,MG,QJY-88,100,0,4,0,SLAP,RMR Red Dot,Ammo Box,5191,389,90
748,Critical8,Day,20081,MG,LWMMG Mod,100,0,8,10,SLAP,Red Dot,Ammo Box,5103,382,91
748,Critical8,Day,275,MG,M1895 CB,100,0,10,0,SLAP,Red Dot,Ammo Box,5062,379,92
748,Critical8,Day,276,MG,Kord,100,0,10,0,SLAP,RMR Red Dot,Ammo Box,4892,366,93
748,Critical8,Day,20039,RF,Mosin-Nagant Mod,100,0,10,9,AP Round,Optical,Exclusive,3767,282,94
748,Critical8,Day,20053,RF,NTW-20 Mod,100,0,10,10,Exclusive,Optical,Camo Cloak,3766,282,95
748,Critical8,Day,85,MG,PK,100,0,8,0,AP Round,RMR Red Dot,Ammo Box,3744,280,96
748,Critical8,Day,20095,RF,Type88 Mod,200,1,10,8,Exclusive,Exclusive,Camo Cloak,3731,279,97
748,Critical8,Day,1026,MG,Claes,100,0,1,0,AP Round,RMR Red Dot,Ammo Box,3710,278,98
748,Critical8,Day,264,MG,Chauchat,88.5464,0,1,0,AP Round,RMR Red Dot,Ammo Box,3698,277,99
748,Critical8,Day,261,RF,QBU-88,100,0,10,0,AP Round,Optical,Camo Cloak,3641,273,100
748,Critical8,Day,78,MG,M60,100,0,1,0,AP Round,RMR Red Dot,Ammo Box,3615,271,101
748,Critical8,Day,77,MG,M2HB,100,0,8,0,AP Round,RMR Red Dot,Ammo Box,3608,270,102
748,Critical8,Day,266,RF,R93,100,0,10,0,AP Round,Optical,Camo Cloak,3581,268,103
748,Critical8,Day,20252,RF,KSVK Mod,100,0,6,10,Exclusive,Optical,Camo Cloak,3579,268,104
748,Critical8,Day,329,RF,SVCh,100,0,10,0,AP Round,Optical,Camo Cloak,3490,261,105
748,Critical8,Day,1031,RF,Pekola,100,0,10,0,AP Round,Optical,Exclusive,3488,261,106
748,Critical8,Day,257,RF,M200,100,0,10,0,AP Round,Optical,Camo Cloak,3453,258,107
748,Critical8,Day,204,RF,Ballista,100,0,10,0,AP Round,Optical,Camo Cloak,3435,257,108
748,Critical8,Day,50,RF,Lee Enfield,100,0,10,0,AP Round,Exclusive,Camo Cloak,3407,255,109
748,Critical8,Day,198,RF,Carcano M91/38,100,0,10,0,AP Round,Optical,Camo Cloak,3383,253,110
748,Critical8,Day,48,RF,WA2000,100,0,10,0,AP Round,Optical,Camo Cloak,3358,251,111
748,Critical8,Day,1024,RF,Rico,100,0,10,0,AP Round,Optical,Exclusive,3356,251,112
748,Critical8,Day,296,RF,Gr SL8,100,0,10,0,AP Round,Optical,Camo Cloak,3352,251,113
748,Critical8,Day,20037,RF,M14 Mod,100,0,10,6,AP Round,Optical,Camo Cloak,3287,246,114
748,Critical8,Day,199,MG,Type80,100,0,1,0,AP Round,Holographic,Ammo Box,3279,245,115
