ID,No.,Type,Star,Name,Doll ID,Doll,Damage,Accuracy,Evasion,Move Speed,Rate of Fire,Crit.Rate,Crit.Damage,Armor Pen.,Armor,Shield,Damage Amplify,Damage Reduction,Night View,Rounds,Equip Exp,Equip Level,Adjust Count,Locked
221361,20,Armor-piercing,★★★★★,Mk211 High-Explosive Armor-Piercing Ammo,-,-,0,0,0,0,0,0%,0%,177,0,0,0%,0%,0%,0,10000,10,6,Locked
238074,57,X-Exo,★★★★,IOP X3 Exoskeleton,-,-,0,0,6,0,0,0%,0%,0,0,0,0%,0%,0%,0,0,0,0,Locked
240134,31,High-velocity,★★★★,JHP High-Velocity Ammo,-,-,5,0,0,0,0,0%,0%,0,0,0,0%,0%,0%,0,0,0,0,Locked
292599,90,Camouflage Cape,★★★★★,Thermoptic Camouflage Cape,-,-,0,0,0,-3,0,25%,0%,0,0,0,0%,0%,0%,0,10000,10,2,Locked
335053,16,Night Equipment,★★★★★,PEQ-16A,-,-,0,0,0,0,0,0%,0%,0,0,0,0%,0%,93%,0,0,0,0,Locked
335056,4,Optical,★★★★★,VFL 6-24X56,-,-,0,0,0,0,0,0%,48%,0,0,0,0%,0%,0%,0,10050,10,7,Locked
347277,71,Hollow-point,★★★★,ILM Hollow-Point Ammo,-,-,5,0,0,0,0,0%,0%,-5,0,0,0%,0%,0%,0,1400,6,0,Locked
358703,8,Holographic,★★★★★,EOT 518,-,-,8,12,0,0,-4,0%,0%,0,0,0,0%,0%,0%,0,10000,10,10,Locked
380765,16,Night Equipment,★★★★★,PEQ-16A,-,-,0,0,0,0,0,0%,0%,0,0,0,0%,0%,92%,0,0,0,0,Locked
405281,71,Hollow-point,★★★★,ILM Hollow-Point Ammo,-,-,5,0,0,0,0,0%,0%,-5,0,0,0%,0%,0%,0,0,0,0,Locked
432909,4,Optical,★★★★★,VFL 6-24X56,-,-,0,0,0,0,0,0%,46%,0,0,0,0%,0%,0%,0,10000,10,8,Locked
453361,72,Hollow-point,★★★★★,ILM Hollow-Point Ammo,103272103,Python,15,0,0,0,0,0%,0%,-7,0,0,0%,0%,0%,0,10000,10,4,Locked
463364,12,Red Dot,★★★★★,ITI MARS,-,-,0,12,0,0,-2,0%,0%,0,0,0,0%,0%,0%,0,0,0,0,Locked
463366,40,T-Exo,★★★★★,IOP T4 Exoskeleton,-,-,-6,0,32,0,0,0%,0%,0,0,0,0%,0%,0%,0,10000,10,4,Locked
486764,16,Night Equipment,★★★★★,PEQ-16A,-,-,0,0,0,0,0,0%,0%,0,0,0,0%,0%,93%,0,0,0,1,Locked
486765,65,Suppressor,★★★★,AC3 Suppressor,-,-,0,0,4,0,0,0%,9%,0,0,0,0%,0%,0%,0,0,0,0,Locked
497480,19,Armor-piercing,★★★★,Mk169 Armor-Piercing Ammo,-,-,0,0,0,0,0,0%,0%,124,0,0,0%,0%,0%,0,1400,6,0,Locked
548210,12,Red Dot,★★★★★,ITI MARS,-,-,0,11,0,0,-2,0%,0%,0,0,0,0%,0%,0%,0,0,0,0,Locked
647963,31,High-velocity,★★★★,JHP High-Velocity Ammo,-,-,6,0,0,0,0,0%,0%,0,0,0,0%,0%,0%,0,0,0,0,Locked
686100,39,T-Exo,★★★★,IOP T3 Exoskeleton,-,-,-5,0,15,0,0,0%,0%,0,0,0,0%,0%,0%,0,0,0,0,Locked
723779,4,Optical,★★★★★,VFL 6-24X56,169041237,Gr G3 Mod,0,0,0,0,0,0%,48%,0,0,0,0%,0%,0%,0,10000,10,12,Locked
895755,72,Hollow-point,★★★★★,ILM Hollow-Point Ammo,-,-,13,0,0,0,0,0%,0%,-7,0,0,0%,0%,0%,0,10000,10,3,Locked
898485,57,X-Exo,★★★★,IOP X3 Exoskeleton,-,-,0,0,6,0,0,0%,0%,0,0,0,0%,0%,0%,0,0,0,0,Locked
907425,71,Hollow-point,★★★★,ILM Hollow-Point Ammo,-,-,4,0,0,0,0,0%,0%,-5,0,0,0%,0%,0%,0,0,0,0,Locked
942910,31,High-velocity,★★★★,JHP High-Velocity Ammo,-,-,6,0,0,0,0,0%,0%,0,0,0,0%,0%,0%,0,0,0,0,Locked
948188,32,High-velocity,★★★★★,APCR High-Velocity Ammo,-,-,20,0,0,0,0,0%,0%,0,0,0,0%,0%,0%,0,10000,10,6,Locked
997647,57,X-Exo,★★★★,IOP X3 Exoskeleton,-,-,0,0,6,0,0,0%,0%,0,0,0,0%,0%,0%,0,0,0,0,Locked
1004032,68,Ammunition Box,★★★★★,IOP Maximum Ammo Box,-,-,0,0,-2,0,0,0%,0%,0,0,0,0%,0%,0%,4,10000,10,0,Locked
1049971,31,High-velocity,★★★★,JHP High-Velocity Ammo,-,-,6,0,0,0,0,0%,0%,0,0,0,0%,0%,0%,0,0,0,0,Locked
1074924,57,X-Exo,★★★★,IOP X3 Exoskeleton,-,-,0,0,6,0,0,0%,0%,0,0,0,0%,0%,0%,0,0,0,0,Locked
1077234,65,Suppressor,★★★★,AC3 Suppressor,-,-,0,0,4,0,0,0%,9%,0,0,0,0%,0%,0%,0,0,0,0,Locked
1120518,4,Optical,★★★★★,VFL 6-24X56,-,-,0,0,0,0,0,0%,48%,0,0,0,0%,0%,0%,0,10000,10,8,Locked
1258536,66,Suppressor,★★★★★,AC4 Suppressor,125467672,P22,0,0,10,0,0,0%,17%,0,0,0,0%,0%,0%,0,10000,10,2,Locked
1312358,8,Holographic,★★★★★,EOT 518,-,-,8,12,0,0,-4,0%,0%,0,0,0,0%,0%,0%,0,10000,10,7,Locked
1316866,58,X-Exo,★★★★★,IOP X4 Exoskeleton,118012554,PP-19,0,0,20,0,0,0%,0%,0,0,0,0%,0%,0%,0,10000,10,3,Locked
1377137,40,T-Exo,★★★★★,IOP T4 Exoskeleton,-,-,-8,0,35,0,0,0%,0%,0,0,0,0%,0%,0%,0,10000,10,4,Locked
1382155,57,X-Exo,★★★★,IOP X3 Exoskeleton,-,-,0,0,6,0,0,0%,0%,0,0,0,0%,0%,0%,0,0,0,0,Locked
1402562,12,Red Dot,★★★★★,ITI MARS,-,-,0,28,0,0,-1,0%,0%,0,0,0,0%,0%,0%,0,10000,10,5,Locked
1407382,44,Armor Plate,★★★★★,Type 3 Armor Plate,119172409,M500 Mod,0,0,-3,0,0,0%,0%,0,11,0,0%,0%,0%,0,10000,10,4,Locked
1428291,12,Red Dot,★★★★★,ITI MARS,-,-,0,12,0,0,-2,0%,0%,0,0,0,0%,0%,0%,0,0,0,0,Locked
1573998,4,Optical,★★★★★,VFL 6-24X56,-,-,0,0,0,0,0,0%,46%,0,0,0,0%,0%,0%,0,10000,10,2,Locked
1704638,71,Hollow-point,★★★★,ILM Hollow-Point Ammo,-,-,4,0,0,0,0,0%,0%,-5,0,0,0%,0%,0%,0,0,0,0,Locked
1718424,71,Hollow-point,★★★★,ILM Hollow-Point Ammo,-,-,4,0,0,0,0,0%,0%,-5,0,0,0%,0%,0%,0,0,0,0,Locked
1727550,71,Hollow-point,★★★★,ILM Hollow-Point Ammo,-,-,4,0,0,0,0,0%,0%,-5,0,0,0%,0%,0%,0,0,0,0,Locked
1817372,49,Night Equipment,★★★★★,16Lab Infrared Designator,116395176,AN-94,0,0,0,0,0,0%,0%,0,0,0,0%,0%,100%,0,0,0,0,Locked
1892832,50,Armor-piercing,★★★★★,16Lab Sub-Caliber Armor-Piercing Ammo,-,-,0,0,0,0,0,0%,0%,180,0,0,0%,0%,0%,0,10000,10,0,Locked
1951910,76,Buckshot,★★★★★,#000 Buckshot,-,-,15,0,0,0,0,19%,0%,0,0,0,0%,0%,0%,0,10000,10,6,Locked
2008833,40,T-Exo,★★★★★,IOP T4 Exoskeleton,-,-,-7,0,33,0,0,0%,0%,0,0,0,0%,0%,0%,0,10000,10,4,Locked
2008834,20,Armor-piercing,★★★★★,Mk211 High-Explosive Armor-Piercing Ammo,-,-,0,0,0,0,0,0%,0%,174,0,0,0%,0%,0%,0,10000,10,5,Locked
2139827,4,Optical,★★★★★,VFL 6-24X56,102704085,AK-12,0,0,0,0,0,0%,44%,0,0,0,0%,0%,0%,0,10125,10,9,Locked
2175745,32,High-velocity,★★★★★,APCR High-Velocity Ammo,-,-,20,0,0,0,0,0%,0%,0,0,0,0%,0%,0%,0,10000,10,7,Locked
2956517,65,Suppressor,★★★★,AC3 Suppressor,-,-,0,0,4,0,0,0%,10%,0,0,0,0%,0%,0%,0,0,0,0,Locked
2956526,80,Slug,★★★★★,SABOT Slug,119172409,M500 Mod,0,20,0,0,0,0%,0%,0,0,0,0%,0%,0%,0,10000,10,5,Locked
2981383,71,Hollow-point,★★★★,ILM Hollow-Point Ammo,-,-,4,0,0,0,0,0%,0%,-5,0,0,0%,0%,0%,0,0,0,0,Locked
2982434,20,Armor-piercing,★★★★★,Mk211 High-Explosive Armor-Piercing Ammo,-,-,0,0,0,0,0,0%,0%,171,0,0,0%,0%,0%,0,10000,10,13,Locked
2994338,57,X-Exo,★★★★,IOP X3 Exoskeleton,-,-,0,0,6,0,0,0%,0%,0,0,0,0%,0%,0%,0,0,0,0,Locked
3012525,39,T-Exo,★★★★,IOP T3 Exoskeleton,-,-,-5,0,15,0,0,0%,0%,0,0,0,0%,0%,0%,0,0,0,0,Locked
3087968,32,High-velocity,★★★★★,APCR High-Velocity Ammo,-,-,20,0,0,0,0,0%,0%,0,0,0,0%,0%,0%,0,10000,10,9,Locked
3199769,57,X-Exo,★★★★,IOP X3 Exoskeleton,-,-,0,0,6,0,0,0%,0%,0,0,0,0%,0%,0%,0,0,0,0,Locked
3211900,8,Holographic,★★★★★,EOT 518,113360136,K11,8,12,0,0,-4,0%,0%,0,0,0,0%,0%,0%,0,10000,10,6,Locked
3531158,8,Holographic,★★★★★,EOT 518,-,-,8,12,0,0,-4,0%,0%,0,0,0,0%,0%,0%,0,10000,10,9,Locked
3531161,4,Optical,★★★★★,VFL 6-24X56,137770008,Rico,0,0,0,0,0,0%,48%,0,0,0,0%,0%,0%,0,10000,10,14,Locked
3849090,39,T-Exo,★★★★,IOP T3 Exoskeleton,-,-,-5,0,14,0,0,0%,0%,0,0,0,0%,0%,0%,0,0,0,0,Locked
3979186,39,T-Exo,★★★★,IOP T3 Exoskeleton,-,-,-5,0,14,0,0,0%,0%,0,0,0,0%,0%,0%,0,0,0,0,Locked
4174761,57,X-Exo,★★★★,IOP X3 Exoskeleton,-,-,0,0,6,0,0,0%,0%,0,0,0,0%,0%,0%,0,0,0,0,Locked
4357178,57,X-Exo,★★★★,IOP X3 Exoskeleton,-,-,0,0,6,0,0,0%,0%,0,0,0,0%,0%,0%,0,0,0,0,Locked
4584699,32,High-velocity,★★★★★,APCR High-Velocity Ammo,-,-,20,0,0,0,0,0%,0%,0,0,0,0%,0%,0%,0,10000,10,3,Locked
4652266,89,Camouflage Cape,★★★★,Urban Camouflage Cape,-,-,0,0,0,-3,0,11%,0%,0,0,0,0%,0%,0%,0,1400,6,0,Locked
4790458,32,High-velocity,★★★★★,APCR High-Velocity Ammo,3861465,M4 SOPMOD II Mod,20,0,0,0,0,0%,0%,0,0,0,0%,0%,0%,0,10000,10,6,Locked
4825906,40,T-Exo,★★★★★,IOP T4 Exoskeleton,102913789,Cx4 Storm,-8,0,35,0,0,0%,0%,0,0,0,0%,0%,0%,0,10000,10,5,Locked
18567002,76,Buckshot,★★★★★,#000 Buckshot,-,-,10,0,0,0,0,18%,0%,0,0,0,0%,0%,0%,0,10000,10,0,Locked
18611818,68,Ammunition Box,★★★★★,IOP Maximum Ammo Box,-,-,0,0,-3,0,0,0%,0%,0,0,0,0%,0%,0%,5,10000,10,1,Locked
18684644,65,Suppressor,★★★★,AC3 Suppressor,-,-,0,0,4,0,0,0%,9%,0,0,0,0%,0%,0%,0,0,0,0,Locked
18746683,16,Night Equipment,★★★★★,PEQ-16A,-,-,0,0,0,0,0,0%,0%,0,0,0,0%,0%,95%,0,0,0,0,Locked
18768490,12,Red Dot,★★★★★,ITI MARS,-,-,0,11,0,0,-1,0%,0%,0,0,0,0%,0%,0%,0,0,0,0,Locked
18860383,12,Red Dot,★★★★★,ITI MARS,-,-,0,24,0,0,-2,0%,0%,0,0,0,0%,0%,0%,0,6301,8,0,Locked
18883912,72,Hollow-point,★★★★★,ILM Hollow-Point Ammo,118012554,PP-19,15,0,0,0,0,0%,0%,-10,0,0,0%,0%,0%,0,10000,10,1,Locked
18895529,4,Optical,★★★★★,VFL 6-24X56,156364546,Vepr,0,0,0,0,0,0%,46%,0,0,0,0%,0%,0%,0,10000,10,9,Locked
18895533,68,Ammunition Box,★★★★★,IOP Maximum Ammo Box,-,-,0,0,-2,0,0,0%,0%,0,0,0,0%,0%,0%,2,0,0,0,Locked
18966096,4,Optical,★★★★★,VFL 6-24X56,-,-,0,0,0,0,0,0%,48%,0,0,0,0%,0%,0%,0,10000,10,9,Locked
18974959,40,T-Exo,★★★★★,IOP T4 Exoskeleton,167083812,HP-35,-8,0,35,0,0,0%,0%,0,0,0,0%,0%,0%,0,10000,10,2,Locked
19000630,57,X-Exo,★★★★,IOP X3 Exoskeleton,-,-,0,0,6,0,0,0%,0%,0,0,0,0%,0%,0%,0,0,0,0,Locked
19049897,32,High-velocity,★★★★★,APCR High-Velocity Ammo,116395176,AN-94,20,0,0,0,0,0%,0%,0,0,0,0%,0%,0%,0,10000,10,6,Locked
19087622,57,X-Exo,★★★★,IOP X3 Exoskeleton,-,-,0,0,6,0,0,0%,0%,0,0,0,0%,0%,0%,0,0,0,0,Locked
19148342,19,Armor-piercing,★★★★,Mk169 Armor-Piercing Ammo,-,-,0,0,0,0,0,0%,0%,94,0,0,0%,0%,0%,0,0,0,0,Locked
19150459,60,Exclusive,★★★★★,.300BLK High-Velocity Ammo,3875675,ST AR-15 Mod,25,-1,0,0,0,0%,0%,0,0,0,0%,0%,0%,0,30000,10,16,Locked
19171770,44,Armor Plate,★★★★★,Type 3 Armor Plate,157223252,DP-12,0,0,-3,0,0,0%,0%,0,11,0,0%,0%,0%,0,10000,10,1,Locked
19180929,20,Armor-piercing,★★★★★,Mk211 High-Explosive Armor-Piercing Ammo,-,-,0,0,0,0,0,0%,0%,180,0,0,0%,0%,0%,0,10000,10,7,Locked
19659571,100,Exclusive,★★★★★,Lightweight Rail Kit,-,-,0,10,0,0,0,20%,0%,0,0,0,0%,0%,0%,0,30000,10,12,Locked
19670329,89,Camouflage Cape,★★★★,Urban Camouflage Cape,-,-,0,0,0,-3,0,12%,0%,0,0,0,0%,0%,0%,0,1400,6,0,Locked
19749791,89,Camouflage Cape,★★★★,Urban Camouflage Cape,-,-,0,0,0,-3,0,12%,0%,0,0,0,0%,0%,0%,0,1400,6,0,Locked
19958900,66,Suppressor,★★★★★,AC4 Suppressor,-,-,0,0,6,0,0,0%,12%,0,0,0,0%,0%,0%,0,0,0,0,Locked
20072521,65,Suppressor,★★★★,AC3 Suppressor,-,-,0,0,4,0,0,0%,9%,0,0,0,0%,0%,0%,0,0,0,0,Locked
20108875,16,Night Equipment,★★★★★,PEQ-16A,-,-,0,0,0,0,0,0%,0%,0,0,0,0%,0%,95%,0,0,0,0,Locked
20164295,66,Suppressor,★★★★★,AC4 Suppressor,101161896,Px4 Storm,0,0,8,0,0,0%,18%,0,0,0,0%,0%,0%,0,10000,10,0,Locked
20167488,68,Ammunition Box,★★★★★,IOP Maximum Ammo Box,-,-,0,0,-2,0,0,0%,0%,0,0,0,0%,0%,0%,2,0,0,0,Locked
20233743,40,T-Exo,★★★★★,IOP T4 Exoskeleton,-,-,-7,0,33,0,0,0%,0%,0,0,0,0%,0%,0%,0,10000,10,4,Locked
20237683,65,Suppressor,★★★★,AC3 Suppressor,-,-,0,0,4,0,0,0%,9%,0,0,0,0%,0%,0%,0,0,0,0,Locked
20267985,58,X-Exo,★★★★★,IOP X4 Exoskeleton,-,-,0,0,18,0,0,0%,0%,0,0,0,0%,0%,0%,0,10000,10,0,Locked
20351916,44,Armor Plate,★★★★★,Type 3 Armor Plate,-,-,0,0,-2,0,0,0%,0%,0,10,0,0%,0%,0%,0,10000,10,0,Locked
20369212,66,Suppressor,★★★★★,AC4 Suppressor,96850849,RO635,0,0,8,0,0,0%,17%,0,0,0,0%,0%,0%,0,10000,10,0,Locked
20378632,68,Ammunition Box,★★★★★,IOP Maximum Ammo Box,-,-,0,0,-3,0,0,0%,0%,0,0,0,0%,0%,0%,5,10000,10,2,Locked
20538662,8,Holographic,★★★★★,EOT 518,-,-,8,12,0,0,-4,0%,0%,0,0,0,0%,0%,0%,0,10000,10,4,Locked
20720229,15,Night Equipment,★★★★,PEQ-15,-,-,0,0,0,0,0,0%,0%,0,0,0,0%,0%,81%,0,0,0,0,Locked
20720230,4,Optical,★★★★★,VFL 6-24X56,-,-,0,0,0,0,0,0%,42%,0,0,0,0%,0%,0%,0,10000,10,6,Locked
20739469,39,T-Exo,★★★★,IOP T3 Exoskeleton,-,-,-5,0,15,0,0,0%,0%,0,0,0,0%,0%,0%,0,0,0,0,Locked
20747078,40,T-Exo,★★★★★,IOP T4 Exoskeleton,169580929,IDW,-8,0,35,0,0,0%,0%,0,0,0,0%,0%,0%,0,10000,10,9,Locked
20747829,65,Suppressor,★★★★,AC3 Suppressor,-,-,0,0,4,0,0,0%,10%,0,0,0,0%,0%,0%,0,0,0,0,Locked
20810294,39,T-Exo,★★★★,IOP T3 Exoskeleton,-,-,-5,0,14,0,0,0%,0%,0,0,0,0%,0%,0%,0,0,0,0,Locked
20811859,99,Exclusive,★★★★★,Inherited Case,2430503,M4A1 Mod,20,0,0,0,20,0%,0%,0,15,0,0%,0%,0%,0,30000,10,6,Locked
20836018,15,Night Equipment,★★★★,PEQ-15,-,-,0,0,0,0,0,0%,0%,0,0,0,0%,0%,80%,0,0,0,0,Locked
20879213,72,Hollow-point,★★★★★,ILM Hollow-Point Ammo,98918176,Stechkin Mod,13,0,0,0,0,0%,0%,-7,0,0,0%,0%,0%,0,10000,10,4,Locked
20966992,66,Suppressor,★★★★★,AC4 Suppressor,-,-,0,0,6,0,0,0%,12%,0,0,0,0%,0%,0%,0,0,0,0,Locked
21026590,4,Optical,★★★★★,VFL 6-24X56,-,-,0,0,0,0,0,0%,47%,0,0,0,0%,0%,0%,0,10000,10,0,Locked
21043524,89,Camouflage Cape,★★★★,Urban Camouflage Cape,-,-,0,0,0,-3,0,11%,0%,0,0,0,0%,0%,0%,0,1400,6,0,Locked
21052833,66,Suppressor,★★★★★,AC4 Suppressor,169580929,IDW,0,0,6,0,0,0%,13%,0,0,0,0%,0%,0%,0,1,0,0,Locked
21057036,127,Exclusive,★★★★★,Hi-Performance Tactical Hair Accessory,-,-,25,10,20,0,0,0%,0%,0,0,0,0%,0%,0%,0,30000,10,0,Locked
21063669,39,T-Exo,★★★★,IOP T3 Exoskeleton,-,-,-5,0,14,0,0,0%,0%,0,0,0,0%,0%,0%,0,0,0,0,Locked
21111841,39,T-Exo,★★★★,IOP T3 Exoskeleton,-,-,-5,0,15,0,0,0%,0%,0,0,0,0%,0%,0%,0,0,0,0,Locked
21143043,59,Exclusive,★★★★★,National Match-Grade Armor-Piercing Ammo,-,-,0,0,0,0,10,0%,0%,195,0,0,0%,0%,0%,0,30000,10,26,Locked
21236731,89,Camouflage Cape,★★★★,Urban Camouflage Cape,-,-,0,0,0,-3,0,13%,0%,0,0,0,0%,0%,0%,0,1400,6,0,Locked
21264348,12,Red Dot,★★★★★,ITI MARS,-,-,0,28,0,0,-1,0%,0%,0,0,0,0%,0%,0%,0,10000,10,4,Locked
21293184,65,Suppressor,★★★★,AC3 Suppressor,-,-,0,0,4,0,0,0%,9%,0,0,0,0%,0%,0%,0,0,0,0,Locked
21333455,65,Suppressor,★★★★,AC3 Suppressor,-,-,0,0,4,0,0,0%,9%,0,0,0,0%,0%,0%,0,0,0,0,Locked
21334776,12,Red Dot,★★★★★,ITI MARS,-,-,0,12,0,0,-2,0%,0%,0,0,0,0%,0%,0%,0,0,0,0,Locked
21344562,68,Ammunition Box,★★★★★,IOP Maximum Ammo Box,-,-,0,0,-2,0,0,0%,0%,0,0,0,0%,0%,0%,4,10000,10,0,Locked
21345858,90,Camouflage Cape,★★★★★,Thermoptic Camouflage Cape,-,-,0,0,0,-3,0,25%,0%,0,0,0,0%,0%,0%,0,10000,10,7,Locked
21374821,15,Night Equipment,★★★★,PEQ-15,-,-,0,0,0,0,0,0%,0%,0,0,0,0%,0%,81%,0,0,0,0,Locked
21440271,90,Camouflage Cape,★★★★★,Thermoptic Camouflage Cape,-,-,0,0,0,-3,0,25%,0%,0,0,0,0%,0%,0%,0,10000,10,8,Locked
21520425,19,Armor-piercing,★★★★,Mk169 Armor-Piercing Ammo,-,-,0,0,0,0,0,0%,0%,100,0,0,0%,0%,0%,0,1,0,0,Locked
21561598,68,Ammunition Box,★★★★★,IOP Maximum Ammo Box,-,-,0,0,-3,0,0,0%,0%,0,0,0,0%,0%,0%,5,10000,10,1,Locked
21580558,68,Ammunition Box,★★★★★,IOP Maximum Ammo Box,-,-,0,0,-2,0,0,0%,0%,0,0,0,0%,0%,0%,2,0,0,0,Locked
21581133,175,Exclusive,★★★★★,BPR4 & SRM6,-,-,2,0,6,0,0,0%,18%,0,0,0,0%,0%,0%,0,1,0,0,Locked
21610637,80,Slug,★★★★★,SABOT Slug,-,-,0,16,0,0,0,0%,0%,0,0,0,0%,0%,0%,0,10000,10,0,Locked
21666519,32,High-velocity,★★★★★,APCR High-Velocity Ammo,2430503,M4A1 Mod,20,0,0,0,0,0%,0%,0,0,0,0%,0%,0%,0,10000,10,5,Locked
21678188,4,Optical,★★★★★,VFL 6-24X56,19458654,PKP,0,0,0,0,0,0%,48%,0,0,0,0%,0%,0%,0,10000,10,6,Locked
21686140,90,Camouflage Cape,★★★★★,Thermoptic Camouflage Cape,117968272,R93,0,0,0,-3,0,25%,0%,0,0,0,0%,0%,0%,0,10000,10,6,Locked
21686141,68,Ammunition Box,★★★★★,IOP Maximum Ammo Box,143049607,Kord,0,0,-2,0,0,0%,0%,0,0,0,0%,0%,0%,4,10000,10,0,Locked
21709645,126,Exclusive,★★★★★,Dinergate RO,3861465,M4 SOPMOD II Mod,12,12,0,0,-2,0%,0%,0,0,0,0%,0%,0%,0,30000,10,25,Locked
21718891,16,Night Equipment,★★★★★,PEQ-16A,-,-,0,0,0,0,0,0%,0%,0,0,0,0%,0%,95%,0,0,0,0,Locked
21792529,39,T-Exo,★★★★,IOP T3 Exoskeleton,-,-,-5,0,14,0,0,0%,0%,0,0,0,0%,0%,0%,0,0,0,0,Locked
21795377,89,Camouflage Cape,★★★★,Urban Camouflage Cape,-,-,0,0,0,-3,0,12%,0%,0,0,0,0%,0%,0%,0,1400,6,0,Locked
21797506,12,Red Dot,★★★★★,ITI MARS,-,-,0,13,0,0,-2,0%,0%,0,0,0,0%,0%,0%,0,0,0,0,Locked
21813186,8,Holographic,★★★★★,EOT 518,-,-,4,7,0,0,-5,0%,0%,0,0,0,0%,0%,0%,0,0,0,0,Locked
21821090,65,Suppressor,★★★★,AC3 Suppressor,-,-,0,0,4,0,0,0%,10%,0,0,0,0%,0%,0%,0,0,0,0,Locked
21862939,58,X-Exo,★★★★★,IOP X4 Exoskeleton,-,-,0,0,9,0,0,0%,0%,0,0,0,0%,0%,0%,0,0,0,0,Locked
21882040,12,Red Dot,★★★★★,ITI MARS,-,-,0,24,0,0,-2,0%,0%,0,0,0,0%,0%,0%,0,9700,9,0,Locked
21937966,58,X-Exo,★★★★★,IOP X4 Exoskeleton,109820999,M1911 Mod,0,0,9,0,0,0%,0%,0,0,0,0%,0%,0%,0,0,0,0,Locked
21956867,39,T-Exo,★★★★,IOP T3 Exoskeleton,-,-,-5,0,14,0,0,0%,0%,0,0,0,0%,0%,0%,0,0,0,0,Locked
22017827,8,Holographic,★★★★★,EOT 518,119172408,Micro Uzi Mod,8,12,0,0,-4,0%,0%,0,0,0,0%,0%,0%,0,10000,10,4,Locked
22025720,40,T-Exo,★★★★★,IOP T4 Exoskeleton,156422942,Webley,-6,0,34,0,0,0%,0%,0,0,0,0%,0%,0%,0,10000,10,0,Locked
22095174,117,Exclusive,★★★★★,Glorylight,-,-,0,0,0,0,0,0%,0%,0,0,0,0%,0%,100%,0,1,0,0,Locked
22097200,89,Camouflage Cape,★★★★,Urban Camouflage Cape,-,-,0,0,0,-3,0,11%,0%,0,0,0,0%,0%,0%,0,1401,6,0,Locked
22132365,39,T-Exo,★★★★,IOP T3 Exoskeleton,-,-,-5,0,14,0,0,0%,0%,0,0,0,0%,0%,0%,0,0,0,0,Locked
22152978,8,Holographic,★★★★★,EOT 518,-,-,4,6,0,0,-5,0%,0%,0,0,0,0%,0%,0%,0,0,0,0,Locked
22206023,76,Buckshot,★★★★★,#000 Buckshot,107575344,AA-12,15,0,0,0,0,22%,0%,0,0,0,0%,0%,0%,0,10000,10,15,Locked
22264597,71,Hollow-point,★★★★,ILM Hollow-Point Ammo,-,-,4,0,0,0,0,0%,0%,-5,0,0,0%,0%,0%,0,0,0,0,Locked
22385234,19,Armor-piercing,★★★★,Mk169 Armor-Piercing Ammo,-,-,0,0,0,0,0,0%,0%,96,0,0,0%,0%,0%,0,0,0,0,Locked
22385254,76,Buckshot,★★★★★,#000 Buckshot,-,-,11,0,0,0,0,16%,0%,0,0,0,0%,0%,0%,0,10000,10,0,Locked
22385789,20,Armor-piercing,★★★★★,Mk211 High-Explosive Armor-Piercing Ammo,143049607,Kord,0,0,0,0,0,0%,0%,174,0,0,0%,0%,0%,0,10000,10,5,Locked
22385829,20,Armor-piercing,★★★★★,Mk211 High-Explosive Armor-Piercing Ammo,-,-,0,0,0,0,0,0%,0%,174,0,0,0%,0%,0%,0,10000,10,5,Locked
22385864,39,T-Exo,★★★★,IOP T3 Exoskeleton,-,-,-5,0,14,0,0,0%,0%,0,0,0,0%,0%,0%,0,0,0,0,Locked
22386719,44,Armor Plate,★★★★★,Type 3 Armor Plate,-,-,0,0,-2,0,0,0%,0%,0,11,0,0%,0%,0%,0,10000,10,6,Locked
22386823,16,Night Equipment,★★★★★,PEQ-16A,-,-,0,0,0,0,0,0%,0%,0,0,0,0%,0%,94%,0,0,0,0,Locked
22386841,76,Buckshot,★★★★★,#000 Buckshot,-,-,11,0,0,0,0,17%,0%,0,0,0,0%,0%,0%,0,10000,10,0,Locked
22386933,80,Slug,★★★★★,SABOT Slug,104478411,S.A.T.8,0,16,0,0,0,0%,0%,0,0,0,0%,0%,0%,0,10000,10,0,Locked
22386946,72,Hollow-point,★★★★★,ILM Hollow-Point Ammo,4395238,SAA Mod,13,0,0,0,0,0%,0%,-7,0,0,0%,0%,0%,0,10000,10,4,Locked
22387274,72,Hollow-point,★★★★★,ILM Hollow-Point Ammo,125467672,P22,13,0,0,0,0,0%,0%,-7,0,0,0%,0%,0%,0,10000,10,3,Locked
22387307,71,Hollow-point,★★★★,ILM Hollow-Point Ammo,-,-,5,0,0,0,0,0%,0%,-5,0,0,0%,0%,0%,0,0,0,0,Locked
22387327,20,Armor-piercing,★★★★★,Mk211 High-Explosive Armor-Piercing Ammo,-,-,0,0,0,0,0,0%,0%,172,0,0,0%,0%,0%,0,10000,10,0,Locked
22387347,32,High-velocity,★★★★★,APCR High-Velocity Ammo,113360136,K11,20,0,0,0,0,0%,0%,0,0,0,0%,0%,0%,0,10000,10,4,Locked
22387374,20,Armor-piercing,★★★★★,Mk211 High-Explosive Armor-Piercing Ammo,-,-,0,0,0,0,0,0%,0%,172,0,0,0%,0%,0%,0,10000,10,0,Locked
22388066,20,Armor-piercing,★★★★★,Mk211 High-Explosive Armor-Piercing Ammo,157718874,RPK-16,0,0,0,0,0,0%,0%,172,0,0,0%,0%,0%,0,10000,10,0,Locked
22388333,40,T-Exo,★★★★★,IOP T4 Exoskeleton,-,-,-6,0,32,0,0,0%,0%,0,0,0,0%,0%,0%,0,10000,10,5,Locked
22388367,71,Hollow-point,★★★★,ILM Hollow-Point Ammo,-,-,5,0,0,0,0,0%,0%,-5,0,0,0%,0%,0%,0,0,0,0,Locked
22388436,76,Buckshot,★★★★★,#000 Buckshot,-,-,15,0,0,0,0,22%,0%,0,0,0,0%,0%,0%,0,10000,10,16,Locked
22388437,80,Slug,★★★★★,SABOT Slug,-,-,0,13,0,0,0,0%,0%,0,0,0,0%,0%,0%,0,10000,10,0,Locked
22388453,43,Armor Plate,★★★★,Type 2 Armor Plate,-,-,0,0,-1,0,0,0%,0%,0,4,0,0%,0%,0%,0,0,0,0,Locked
22388842,44,Armor Plate,★★★★★,Type 3 Armor Plate,104478411,S.A.T.8,0,0,-2,0,0,0%,0%,0,11,0,0%,0%,0%,0,10000,10,6,Locked
22388924,44,Armor Plate,★★★★★,Type 3 Armor Plate,-,-,0,0,-2,0,0,0%,0%,0,7,0,0%,0%,0%,0,0,0,0,Locked
22388942,71,Hollow-point,★★★★,ILM Hollow-Point Ammo,-,-,4,0,0,0,0,0%,0%,-4,0,0,0%,0%,0%,0,0,0,0,Locked
22388958,31,High-velocity,★★★★,JHP High-Velocity Ammo,-,-,5,0,0,0,0,0%,0%,0,0,0,0%,0%,0%,0,0,0,0,Locked
22388992,71,Hollow-point,★★★★,ILM Hollow-Point Ammo,-,-,5,0,0,0,0,0%,0%,-5,0,0,0%,0%,0%,0,0,0,0,Locked
22389099,40,T-Exo,★★★★★,IOP T4 Exoskeleton,98638602,P90,-8,0,35,0,0,0%,0%,0,0,0,0%,0%,0%,0,10000,10,1,Locked
22389726,71,Hollow-point,★★★★,ILM Hollow-Point Ammo,-,-,4,0,0,0,0,0%,0%,-4,0,0,0%,0%,0%,0,0,0,0,Locked
22389770,71,Hollow-point,★★★★,ILM Hollow-Point Ammo,-,-,4,0,0,0,0,0%,0%,-5,0,0,0%,0%,0%,0,0,0,0,Locked
22389814,80,Slug,★★★★★,SABOT Slug,-,-,0,13,0,0,0,0%,0%,0,0,0,0%,0%,0%,0,10000,10,0,Locked
22390300,32,High-velocity,★★★★★,APCR High-Velocity Ammo,102704085,AK-12,19,0,0,0,0,0%,0%,0,0,0,0%,0%,0%,0,10000,10,0,Locked
22390425,80,Slug,★★★★★,SABOT Slug,157223252,DP-12,0,13,0,0,0,0%,0%,0,0,0,0%,0%,0%,0,10000,10,0,Locked
22390439,89,Camouflage Cape,★★★★,Urban Camouflage Cape,-,-,0,0,0,-3,0,13%,0%,0,0,0,0%,0%,0%,0,1400,6,0,Locked
22391633,20,Armor-piercing,★★★★★,Mk211 High-Explosive Armor-Piercing Ammo,136320082,Gepard M1,0,0,0,0,0,0%,0%,180,0,0,0%,0%,0%,0,10000,10,5,Locked
22391668,44,Armor Plate,★★★★★,Type 3 Armor Plate,-,-,0,0,-2,0,0,0%,0%,0,7,0,0%,0%,0%,0,0,0,0,Locked
22391788,20,Armor-piercing,★★★★★,Mk211 High-Explosive Armor-Piercing Ammo,170393628,Tabuk,0,0,0,0,0,0%,0%,180,0,0,0%,0%,0%,0,10000,10,16,Locked
22392045,72,Hollow-point,★★★★★,ILM Hollow-Point Ammo,102913789,Cx4 Storm,15,0,0,0,0,0%,0%,-10,0,0,0%,0%,0%,0,10000,10,2,Locked
22392346,20,Armor-piercing,★★★★★,Mk211 High-Explosive Armor-Piercing Ammo,117968272,R93,0,0,0,0,0,0%,0%,180,0,0,0%,0%,0%,0,10000,10,6,Locked
22466549,43,Armor Plate,★★★★,Type 2 Armor Plate,-,-,0,0,-1,0,0,0%,0%,0,4,0,0%,0%,0%,0,0,0,0,Locked
22527414,66,Suppressor,★★★★★,AC4 Suppressor,5905669,Grizzly,0,0,8,0,0,0%,19%,0,0,0,0%,0%,0%,0,10000,10,0,Locked
22527417,66,Suppressor,★★★★★,AC4 Suppressor,-,-,0,0,6,0,0,0%,13%,0,0,0,0%,0%,0%,0,0,0,0,Locked
22527426,65,Suppressor,★★★★,AC3 Suppressor,-,-,0,0,4,0,0,0%,9%,0,0,0,0%,0%,0%,0,0,0,0,Locked
22527427,8,Holographic,★★★★★,EOT 518,-,-,5,7,0,0,-4,0%,0%,0,0,0,0%,0%,0%,0,0,0,0,Locked
22527532,4,Optical,★★★★★,VFL 6-24X56,3861465,M4 SOPMOD II Mod,0,0,0,0,0,0%,42%,0,0,0,0%,0%,0%,0,10000,10,8,Locked
22527580,8,Holographic,★★★★★,EOT 518,-,-,5,7,0,0,-5,0%,0%,0,0,0,0%,0%,0%,0,0,0,0,Locked
22538823,12,Red Dot,★★★★★,ITI MARS,143049607,Kord,0,30,0,0,-1,0%,0%,0,0,0,0%,0%,0%,0,10000,10,11,Locked
22554001,4,Optical,★★★★★,VFL 6-24X56,3875675,ST AR-15 Mod,0,0,0,0,0,0%,48%,0,0,0,0%,0%,0%,0,10000,10,7,Locked
22557455,39,T-Exo,★★★★,IOP T3 Exoskeleton,-,-,-5,0,14,0,0,0%,0%,0,0,0,0%,0%,0%,0,0,0,0,Locked
22558763,12,Red Dot,★★★★★,ITI MARS,-,-,0,11,0,0,-2,0%,0%,0,0,0,0%,0%,0%,0,0,0,0,Locked
22566010,39,T-Exo,★★★★,IOP T3 Exoskeleton,-,-,-5,0,14,0,0,0%,0%,0,0,0,0%,0%,0%,0,0,0,0,Locked
22591860,4,Optical,★★★★★,VFL 6-24X56,157718874,RPK-16,0,0,0,0,0,0%,44%,0,0,0,0%,0%,0%,0,10000,10,2,Locked
22599300,4,Optical,★★★★★,VFL 6-24X56,142354496,M1895 CB,0,0,0,0,0,0%,48%,0,0,0,0%,0%,0%,0,10000,10,8,Locked
22637566,4,Optical,★★★★★,VFL 6-24X56,117968272,R93,0,0,0,0,0,0%,44%,0,0,0,0%,0%,0%,0,10000,10,5,Locked
22681633,118,Exclusive,★★★★★,Black Cat,115496679,El Fail,0,0,0,0,0,0%,0%,0,0,0,0%,0%,100%,0,1,0,0,Locked
22781313,4,Optical,★★★★★,VFL 6-24X56,157862781,Gr SL8,0,0,0,0,0,0%,48%,0,0,0,0%,0%,0%,0,10000,10,7,Locked
23059608,72,Hollow-point,★★★★★,ILM Hollow-Point Ammo,142354497,Desert Eagle,15,0,0,0,0,0%,0%,-7,0,0,0%,0%,0%,0,10000,10,7,Locked
23059609,20,Armor-piercing,★★★★★,Mk211 High-Explosive Armor-Piercing Ammo,-,-,0,0,0,0,0,0%,0%,180,0,0,0%,0%,0%,0,10000,10,16,Locked
23065535,4,Optical,★★★★★,VFL 6-24X56,170393628,Tabuk,0,0,0,0,0,0%,42%,0,0,0,0%,0%,0%,0,10000,10,1,Locked
23076120,15,Night Equipment,★★★★,PEQ-15,-,-,0,0,0,0,0,0%,0%,0,0,0,0%,0%,81%,0,0,0,0,Locked
23101056,57,X-Exo,★★★★,IOP X3 Exoskeleton,-,-,0,0,6,0,0,0%,0%,0,0,0,0%,0%,0%,0,0,0,0,Locked
23112364,57,X-Exo,★★★★,IOP X3 Exoskeleton,-,-,0,0,6,0,0,0%,0%,0,0,0,0%,0%,0%,0,1,0,0,Locked
23118556,4,Optical,★★★★★,VFL 6-24X56,-,-,0,0,0,0,0,0%,20%,0,0,0,0%,0%,0%,0,0,0,0,Locked
23139318,57,X-Exo,★★★★,IOP X3 Exoskeleton,-,-,0,0,6,0,0,0%,0%,0,0,0,0%,0%,0%,0,0,0,0,Locked
23153404,57,X-Exo,★★★★,IOP X3 Exoskeleton,-,-,0,0,6,0,0,0%,0%,0,0,0,0%,0%,0%,0,0,0,0,Locked
23156773,39,T-Exo,★★★★,IOP T3 Exoskeleton,-,-,-5,0,15,0,0,0%,0%,0,0,0,0%,0%,0%,0,0,0,0,Locked
23166318,57,X-Exo,★★★★,IOP X3 Exoskeleton,-,-,0,0,6,0,0,0%,0%,0,0,0,0%,0%,0%,0,0,0,0,Locked
23234937,16,Night Equipment,★★★★★,PEQ-16A,-,-,0,0,0,0,0,0%,0%,0,0,0,0%,0%,94%,0,0,0,0,Locked
23258403,15,Night Equipment,★★★★,PEQ-15,-,-,0,0,0,0,0,0%,0%,0,0,0,0%,0%,83%,0,0,0,0,Locked
23259376,57,X-Exo,★★★★,IOP X3 Exoskeleton,-,-,0,0,6,0,0,0%,0%,0,0,0,0%,0%,0%,0,0,0,0,Locked
23268043,68,Ammunition Box,★★★★★,IOP Maximum Ammo Box,157718874,RPK-16,0,0,-3,0,0,0%,0%,0,0,0,0%,0%,0%,5,10000,10,1,Locked
23277703,57,X-Exo,★★★★,IOP X3 Exoskeleton,-,-,0,0,6,0,0,0%,0%,0,0,0,0%,0%,0%,0,0,0,0,Locked
23324423,4,Optical,★★★★★,VFL 6-24X56,-,-,0,0,0,0,0,0%,20%,0,0,0,0%,0%,0%,0,0,0,0,Locked
23424035,57,X-Exo,★★★★,IOP X3 Exoskeleton,-,-,0,0,6,0,0,0%,0%,0,0,0,0%,0%,0%,0,0,0,0,Locked
23444868,68,Ammunition Box,★★★★★,IOP Maximum Ammo Box,-,-,0,0,-2,0,0,0%,0%,0,0,0,0%,0%,0%,2,0,0,0,Locked
23644206,15,Night Equipment,★★★★,PEQ-15,-,-,0,0,0,0,0,0%,0%,0,0,0,0%,0%,78%,0,0,0,0,Locked
23648346,91,Exclusive,★★★★★,Special Warfare Mobile Suit,-,-,0,-20,10,0,-10,0%,0%,0,20,0,0%,0%,0%,0,30000,10,0,Locked
23653362,86,Exclusive,★★★★★,Hayha Memory Chip,-,-,30,0,2,0,0,30%,0%,0,0,0,0%,0%,0%,0,30000,10,14,Locked
23666067,58,X-Exo,★★★★★,IOP X4 Exoskeleton,-,-,0,0,9,0,0,0%,0%,0,0,0,0%,0%,0%,0,0,0,0,Locked
23683111,15,Night Equipment,★★★★,PEQ-15,-,-,0,0,0,0,0,0%,0%,0,0,0,0%,0%,82%,0,0,0,0,Locked
23703945,40,T-Exo,★★★★★,IOP T4 Exoskeleton,-,-,-8,0,32,0,0,0%,0%,0,0,0,0%,0%,0%,0,10000,10,3,Locked
23746546,62,Exclusive,★★★★★,GSG UX Exoskeleton,1319898,Gr MP5 Mod,-8,0,58,0,0,0%,0%,0,0,0,0%,0%,0%,0,30000,10,21,Locked
23781434,15,Night Equipment,★★★★,PEQ-15,-,-,0,0,0,0,0,0%,0%,0,0,0,0%,0%,81%,0,0,0,0,Locked
23834321,90,Camouflage Cape,★★★★★,Thermoptic Camouflage Cape,-,-,0,0,0,-3,0,22%,0%,0,0,0,0%,0%,0%,0,10000,10,0,Locked
23903456,71,Hollow-point,★★★★,ILM Hollow-Point Ammo,-,-,5,0,0,0,0,0%,0%,-5,0,0,0%,0%,0%,0,0,0,0,Locked
23904990,15,Night Equipment,★★★★,PEQ-15,-,-,0,0,0,0,0,0%,0%,0,0,0,0%,0%,80%,0,0,0,0,Locked
23965310,15,Night Equipment,★★★★,PEQ-15,-,-,0,0,0,0,0,0%,0%,0,0,0,0%,0%,80%,0,0,0,0,Locked
24073725,71,Hollow-point,★★★★,ILM Hollow-Point Ammo,-,-,4,0,0,0,0,0%,0%,-5,0,0,0%,0%,0%,0,0,0,0,Locked
24245150,15,Night Equipment,★★★★,PEQ-15,-,-,0,0,0,0,0,0%,0%,0,0,0,0%,0%,80%,0,0,0,0,Locked
24320299,89,Camouflage Cape,★★★★,Urban Camouflage Cape,-,-,0,0,0,-3,0,13%,0%,0,0,0,0%,0%,0%,0,1400,6,0,Locked
24333371,71,Hollow-point,★★★★,ILM Hollow-Point Ammo,-,-,5,0,0,0,0,0%,0%,-5,0,0,0%,0%,0%,0,0,0,0,Locked
24469726,4,Optical,★★★★★,VFL 6-24X56,-,-,0,0,0,0,0,0%,20%,0,0,0,0%,0%,0%,0,0,0,0,Locked
24548354,4,Optical,★★★★★,VFL 6-24X56,-,-,0,0,0,0,0,0%,20%,0,0,0,0%,0%,0%,0,0,0,0,Locked
24757767,4,Optical,★★★★★,VFL 6-24X56,126154946,Lewis,0,0,0,0,0,0%,48%,0,0,0,0%,0%,0%,0,10000,10,10,Locked
24871426,90,Camouflage Cape,★★★★★,Thermoptic Camouflage Cape,-,-,0,0,0,-3,0,23%,0%,0,0,0,0%,0%,0%,0,10000,10,7,Locked
24891988,16,Night Equipment,★★★★★,PEQ-16A,-,-,0,0,0,0,0,0%,0%,0,0,0,0%,0%,92%,0,0,0,0,Locked
24915438,90,Camouflage Cape,★★★★★,Thermoptic Camouflage Cape,136320082,Gepard M1,0,0,0,-3,0,23%,0%,0,0,0,0%,0%,0%,0,10000,10,5,Locked
25103513,16,Night Equipment,★★★★★,PEQ-16A,-,-,0,0,0,0,0,0%,0%,0,0,0,0%,0%,98%,0,0,0,0,Locked
25107951,4,Optical,★★★★★,VFL 6-24X56,-,-,0,0,0,0,0,0%,19%,0,0,0,0%,0%,0%,0,0,0,0,Locked
25154115,132,Exclusive,★★★★★,Gr MG4 MGO,-,-,0,36,0,0,-1,0%,35%,0,0,0,0%,0%,0%,0,30000,10,0,Locked
25231608,4,Optical,★★★★★,VFL 6-24X56,-,-,0,0,0,0,0,0%,19%,0,0,0,0%,0%,0%,0,0,0,0,Locked
25253333,90,Camouflage Cape,★★★★★,Thermoptic Camouflage Cape,-,-,0,0,0,-3,0,25%,0%,0,0,0,0%,0%,0%,0,10000,10,6,Locked
25385927,15,Night Equipment,★★★★,PEQ-15,-,-,0,0,0,0,0,0%,0%,0,0,0,0%,0%,85%,0,1,0,0,Locked
25385928,15,Night Equipment,★★★★,PEQ-15,-,-,0,0,0,0,0,0%,0%,0,0,0,0%,0%,85%,0,1,0,0,Locked
25386404,43,Armor Plate,★★★★,Type 2 Armor Plate,-,-,0,0,-1,0,0,0%,0%,0,5,0,0%,0%,0%,0,1,0,0,Locked
25386405,65,Suppressor,★★★★,AC3 Suppressor,-,-,0,0,5,0,0,0%,11%,0,0,0,0%,0%,0%,0,1,0,0,Locked
25386406,43,Armor Plate,★★★★,Type 2 Armor Plate,-,-,0,0,-1,0,0,0%,0%,0,5,0,0%,0%,0%,0,1,0,0,Locked
25386408,71,Hollow-point,★★★★,ILM Hollow-Point Ammo,-,-,6,0,0,0,0,0%,0%,-4,0,0,0%,0%,0%,0,1,0,0,Locked
25386412,16,Night Equipment,★★★★★,PEQ-16A,3875675,ST AR-15 Mod,0,0,0,0,0,0%,0%,0,0,0,0%,0%,100%,0,1,0,0,Locked
25386413,20,Armor-piercing,★★★★★,Mk211 High-Explosive Armor-Piercing Ammo,157862781,Gr SL8,0,0,0,0,0,0%,0%,180,0,0,0%,0%,0%,0,10000,10,0,Locked
25438395,20,Armor-piercing,★★★★★,Mk211 High-Explosive Armor-Piercing Ammo,137770008,Rico,0,0,0,0,0,0%,0%,180,0,0,0%,0%,0%,0,10000,10,6,Locked
25649575,182,Exclusive,★★★★★,S&B762,-,-,13,0,0,0,-4,0%,0%,0,0,0,0%,0%,0%,0,1,0,0,Locked
25719757,15,Night Equipment,★★★★,PEQ-15,-,-,0,0,0,0,0,0%,0%,0,0,0,0%,0%,80%,0,0,0,0,Locked
26179534,15,Night Equipment,★★★★,PEQ-15,-,-,0,0,0,0,0,0%,0%,0,0,0,0%,0%,83%,0,0,0,0,Locked
26349313,20,Armor-piercing,★★★★★,Mk211 High-Explosive Armor-Piercing Ammo,-,-,0,0,0,0,0,0%,0%,112,0,0,0%,0%,0%,0,0,0,0,Locked
26350116,20,Armor-piercing,★★★★★,Mk211 High-Explosive Armor-Piercing Ammo,694706,Type88 Mod,0,0,0,0,0,0%,0%,180,0,0,0%,0%,0%,0,10000,10,2,Locked
26351451,20,Armor-piercing,★★★★★,Mk211 High-Explosive Armor-Piercing Ammo,-,-,0,0,0,0,0,0%,0%,113,0,0,0%,0%,0%,0,0,0,0,Locked
26355313,20,Armor-piercing,★★★★★,Mk211 High-Explosive Armor-Piercing Ammo,-,-,0,0,0,0,0,0%,0%,112,0,0,0%,0%,0%,0,0,0,0,Locked
26368784,72,Hollow-point,★★★★★,ILM Hollow-Point Ammo,119172408,Micro Uzi Mod,15,0,0,0,0,0%,0%,-10,0,0,0%,0%,0%,0,10000,10,1,Locked
26370808,20,Armor-piercing,★★★★★,Mk211 High-Explosive Armor-Piercing Ammo,111534237,QBU-88,0,0,0,0,0,0%,0%,180,0,0,0%,0%,0%,0,10000,10,15,Locked
26376394,16,Night Equipment,★★★★★,PEQ-16A,-,-,0,0,0,0,0,0%,0%,0,0,0,0%,0%,91%,0,0,0,0,Locked
26390381,66,Suppressor,★★★★★,AC4 Suppressor,102913789,Cx4 Storm,0,0,6,0,0,0%,13%,0,0,0,0%,0%,0%,0,0,0,0,Locked
26390382,72,Hollow-point,★★★★★,ILM Hollow-Point Ammo,167083812,HP-35,15,0,0,0,0,0%,0%,-8,0,0,0%,0%,0%,0,10000,10,1,Locked
26392000,16,Night Equipment,★★★★★,PEQ-16A,-,-,0,0,0,0,0,0%,0%,0,0,0,0%,0%,93%,0,0,0,0,Locked
26393401,44,Armor Plate,★★★★★,Type 3 Armor Plate,167912479,PM5,0,0,-3,0,0,0%,0%,0,11,0,0%,0%,0%,0,10000,10,1,Locked
26398097,72,Hollow-point,★★★★★,ILM Hollow-Point Ammo,95693769,C-MS,15,0,0,0,0,0%,0%,-10,0,0,0%,0%,0%,0,10000,10,3,Locked
26399888,72,Hollow-point,★★★★★,ILM Hollow-Point Ammo,96850849,RO635,15,0,0,0,0,0%,0%,-10,0,0,0%,0%,0%,0,10000,10,3,Locked
26401049,40,T-Exo,★★★★★,IOP T4 Exoskeleton,4395238,SAA Mod,-7,0,32,0,0,0%,0%,0,0,0,0%,0%,0%,0,10000,10,0,Locked
26401050,32,High-velocity,★★★★★,APCR High-Velocity Ammo,-,-,15,0,0,0,0,0%,0%,0,0,0,0%,0%,0%,0,10000,10,0,Locked
26407285,32,High-velocity,★★★★★,APCR High-Velocity Ammo,-,-,8,0,0,0,0,0%,0%,0,0,0,0%,0%,0%,0,0,0,0,Locked
26414305,32,High-velocity,★★★★★,APCR High-Velocity Ammo,169041237,Gr G3 Mod,20,0,0,0,0,0%,0%,0,0,0,0%,0%,0%,0,10000,10,5,Locked
26417049,32,High-velocity,★★★★★,APCR High-Velocity Ammo,156364546,Vepr,20,0,0,0,0,0%,0%,0,0,0,0%,0%,0%,0,10000,10,3,Locked
26433351,32,High-velocity,★★★★★,APCR High-Velocity Ammo,-,-,18,0,0,0,0,0%,0%,0,0,0,0%,0%,0%,0,10000,10,5,Locked
26513049,16,Night Equipment,★★★★★,PEQ-16A,-,-,0,0,0,0,0,0%,0%,0,0,0,0%,0%,92%,0,0,0,0,Locked
26528872,4,Optical,★★★★★,VFL 6-24X56,-,-,0,0,0,0,0,0%,19%,0,0,0,0%,0%,0%,0,0,0,0,Locked
26551212,4,Optical,★★★★★,VFL 6-24X56,2430503,M4A1 Mod,0,0,0,0,0,0%,39%,0,0,0,0%,0%,0%,0,10000,10,0,Locked
26561804,4,Optical,★★★★★,VFL 6-24X56,-,-,0,0,0,0,0,0%,41%,0,0,0,0%,0%,0%,0,10000,10,0,Locked
26622481,133,Exclusive,★★★★★,Stechkin Buttstock,98918176,Stechkin Mod,0,2,10,0,0,0%,18%,0,0,0,0%,0%,0%,0,30000,10,5,Locked
26652669,15,Night Equipment,★★★★,PEQ-15,-,-,0,0,0,0,0,0%,0%,0,0,0,0%,0%,84%,0,0,0,0,Locked
26663952,16,Night Equipment,★★★★★,PEQ-16A,-,-,0,0,0,0,0,0%,0%,0,0,0,0%,0%,94%,0,0,0,0,Locked
26718646,179,Exclusive,★★★★★,WML & Tactical Handguard,100380880,M950A Mod,0,0,20,0,0,0%,20%,0,0,0,0%,0%,0%,0,30000,10,16,Locked
26863690,4,Optical,★★★★★,VFL 6-24X56,5143189,NTW-20 Mod,0,0,0,0,0,0%,48%,0,0,0,0%,0%,0%,0,10000,10,5,Locked
27059364,16,Night Equipment,★★★★★,PEQ-16A,-,-,0,0,0,0,0,0%,0%,0,0,0,0%,0%,93%,0,0,0,0,Locked
27073328,40,T-Exo,★★★★★,IOP T4 Exoskeleton,101161896,Px4 Storm,-8,0,35,0,0,0%,0%,0,0,0,0%,0%,0%,0,10000,10,5,Locked
27084404,72,Hollow-point,★★★★★,ILM Hollow-Point Ammo,101161896,Px4 Storm,15,0,0,0,0,0%,0%,-7,0,0,0%,0%,0%,0,10000,10,6,Locked
27102720,8,Holographic,★★★★★,EOT 518,-,-,4,6,0,0,-5,0%,0%,0,0,0,0%,0%,0%,0,0,0,0,Locked
27206807,8,Holographic,★★★★★,EOT 518,-,-,6,10,0,0,-5,0%,0%,0,0,0,0%,0%,0%,0,10000,10,0,Locked
27232999,187,Exclusive,★★★★★,Antique Kaleidoscope,-,-,0,1,7,0,0,0%,22%,0,0,0,0%,0%,0%,0,30000,10,0,Locked
27233004,183,Exclusive,★★★★★,Duelling Cards,137770008,Rico,0,0,0,-3,0,45%,0%,0,0,0,0%,0%,0%,0,30000,10,9,Locked
27233007,186,Exclusive,★★★★★,Bayonet,-,-,15,0,0,0,0,22%,25%,0,0,0,0%,0%,0%,0,30000,10,16,Locked
27233009,185,Exclusive,★★★★★,Spectacles,-,-,4,1,0,0,0,0%,21%,0,0,0,0%,0%,0%,0,1,0,0,Locked
27233010,188,Exclusive,★★★★★,Meteorite,-,-,3,1,0,0,0,0%,18%,0,0,0,0%,0%,0%,0,1,0,0,Locked
27233021,189,Exclusive,★★★★★,Wristwatch,-,-,3,1,0,0,0,0%,20%,0,0,0,0%,0%,0%,0,1,0,0,Locked
27233024,184,Exclusive,★★★★★,Fairy Tale Picture Books,137765054,Angelica,15,0,14,0,0,0%,0%,0,0,0,0%,0%,0%,0,30000,10,1,Locked
27301297,58,X-Exo,★★★★★,IOP X4 Exoskeleton,-,-,0,0,8,0,0,0%,0%,0,0,0,0%,0%,0%,0,0,0,0,Locked
27332215,66,Suppressor,★★★★★,AC4 Suppressor,-,-,0,0,10,0,0,0%,20%,0,0,0,0%,0%,0%,0,10000,10,6,Locked
27332346,68,Ammunition Box,★★★★★,IOP Maximum Ammo Box,-,-,0,0,-2,0,0,0%,0%,0,0,0,0%,0%,0%,2,0,0,0,Locked
27457821,16,Night Equipment,★★★★★,PEQ-16A,-,-,0,0,0,0,0,0%,0%,0,0,0,0%,0%,97%,0,0,0,0,Locked
27492996,44,Armor Plate,★★★★★,Type 3 Armor Plate,-,-,0,0,-2,0,0,0%,0%,0,6,0,0%,0%,0%,0,0,0,0,Locked
27522320,58,X-Exo,★★★★★,IOP X4 Exoskeleton,-,-,0,0,9,0,0,0%,0%,0,0,0,0%,0%,0%,0,0,0,0,Locked
27522321,58,X-Exo,★★★★★,IOP X4 Exoskeleton,116395176,AN-94,0,0,10,0,0,0%,0%,0,0,0,0%,0%,0%,0,0,0,0,Locked
27625706,16,Night Equipment,★★★★★,PEQ-16A,-,-,0,0,0,0,0,0%,0%,0,0,0,0%,0%,95%,0,0,0,0,Locked
27650107,40,T-Exo,★★★★★,IOP T4 Exoskeleton,-,-,-7,0,32,0,0,0%,0%,0,0,0,0%,0%,0%,0,10000,10,5,Locked
27687296,106,Exclusive,★★★★★,EOT XPS3,2232272,416 Mod,8,12,0,0,0,0%,25%,0,0,0,0%,0%,0%,0,30000,10,9,Locked
27726678,110,High-velocity,★★★★★,16Lab High-Velocity Ammo,2232272,416 Mod,20,0,0,0,0,0%,0%,0,0,0,0%,0%,0%,0,10000,10,0,Locked
27726681,95,Hollow-point,★★★★★,16Lab Hollow-Point,98638602,P90,15,0,0,0,0,0%,0%,-7,0,0,0%,0%,0%,0,10000,10,0,Locked
27735499,58,X-Exo,★★★★★,IOP X4 Exoskeleton,-,-,0,0,10,0,0,0%,0%,0,0,0,0%,0%,0%,0,800,3,0,Locked
27953960,40,T-Exo,★★★★★,IOP T4 Exoskeleton,125465274,P22,-8,0,35,0,0,0%,0%,0,0,0,0%,0%,0%,0,10000,10,2,Locked
28073504,90,Camouflage Cape,★★★★★,Thermoptic Camouflage Cape,111534237,QBU-88,0,0,0,-3,0,25%,0%,0,0,0,0%,0%,0%,0,10000,10,5,Locked
28073505,16,Night Equipment,★★★★★,PEQ-16A,119172409,M500 Mod,0,0,0,0,0,0%,0%,0,0,0,0%,0%,96%,0,0,0,0,Locked
28095614,16,Night Equipment,★★★★★,PEQ-16A,-,-,0,0,0,0,0,0%,0%,0,0,0,0%,0%,93%,0,1,0,0,Locked
28115449,44,Armor Plate,★★★★★,Type 3 Armor Plate,-,-,0,0,-2,0,0,0%,0%,0,6,0,0%,0%,0%,0,0,0,0,Locked
28133891,16,Night Equipment,★★★★★,PEQ-16A,-,-,0,0,0,0,0,0%,0%,0,0,0,0%,0%,95%,0,0,0,0,Locked
28142787,170,Exclusive,★★★★★,20mm HEI,5143189,NTW-20 Mod,10,0,0,0,0,0%,0%,180,0,0,0%,0%,0%,0,30000,10,11,
28235567,40,T-Exo,★★★★★,IOP T4 Exoskeleton,95693769,C-MS,-8,0,35,0,0,0%,0%,0,0,0,0%,0%,0%,0,10000,10,4,Locked
28288345,90,Camouflage Cape,★★★★★,Thermoptic Camouflage Cape,2398665,SV-98 Mod,0,0,0,-3,0,25%,0%,0,0,0,0%,0%,0%,0,10000,10,8,Locked
28306898,58,X-Exo,★★★★★,IOP X4 Exoskeleton,142354497,Desert Eagle,0,0,8,0,0,0%,0%,0,0,0,0%,0%,0%,0,0,0,0,Locked
28368611,58,X-Exo,★★★★★,IOP X4 Exoskeleton,156364546,Vepr,0,0,9,0,0,0%,0%,0,0,0,0%,0%,0%,0,0,0,0,Locked
28386460,58,X-Exo,★★★★★,IOP X4 Exoskeleton,169041237,Gr G3 Mod,0,0,8,0,0,0%,0%,0,0,0,0%,0%,0%,0,0,0,0,Locked
28418364,160,Exclusive,★★★★★,No32 MKI,-,-,0,0,0,0,4,0%,48%,0,0,0,0%,0%,0%,0,30000,10,0,Locked
28495372,66,Suppressor,★★★★★,AC4 Suppressor,-,-,0,0,6,0,0,0%,12%,0,0,0,0%,0%,0%,0,0,0,0,Locked
28502130,58,X-Exo,★★★★★,IOP X4 Exoskeleton,103272103,Python,0,0,8,0,0,0%,0%,0,0,0,0%,0%,0%,0,0,0,0,Locked
28508446,58,X-Exo,★★★★★,IOP X4 Exoskeleton,447896,PPS-43,0,0,8,0,0,0%,0%,0,0,0,0%,0%,0%,0,0,0,0,Locked
28512955,40,T-Exo,★★★★★,IOP T4 Exoskeleton,3088013,UMP9 Mod,-8,0,35,0,0,0%,0%,0,0,0,0%,0%,0%,0,10000,10,3,Locked
28519886,32,High-velocity,★★★★★,APCR High-Velocity Ammo,-,-,15,0,0,0,0,0%,0%,0,0,0,0%,0%,0%,0,10000,10,0,Locked
28530272,72,Hollow-point,★★★★★,ILM Hollow-Point Ammo,100380880,M950A Mod,15,0,0,0,0,0%,0%,-8,0,0,0%,0%,0%,0,10000,10,1,Locked
28534430,66,Suppressor,★★★★★,AC4 Suppressor,125465274,P22,0,0,7,0,0,0%,15%,0,0,0,0%,0%,0%,0,2500,5,0,Locked
28546465,32,High-velocity,★★★★★,APCR High-Velocity Ammo,-,-,16,0,0,0,0,0%,0%,0,0,0,0%,0%,0%,0,10000,10,2,Locked
28556939,32,High-velocity,★★★★★,APCR High-Velocity Ammo,-,-,17,0,0,0,0,0%,0%,0,0,0,0%,0%,0%,0,10000,10,0,Locked
28598016,16,Night Equipment,★★★★★,PEQ-16A,104478411,S.A.T.8,0,0,0,0,0,0%,0%,0,0,0,0%,0%,94%,0,0,0,0,Locked
28599807,40,T-Exo,★★★★★,IOP T4 Exoskeleton,96850849,RO635,-7,0,34,0,0,0%,0%,0,0,0,0%,0%,0%,0,10000,10,0,Locked
28600665,66,Suppressor,★★★★★,AC4 Suppressor,95693769,C-MS,0,0,8,0,0,0%,17%,0,0,0,0%,0%,0%,0,10000,10,0,Locked
28613583,16,Night Equipment,★★★★★,PEQ-16A,-,-,0,0,0,0,0,0%,0%,0,0,0,0%,0%,95%,0,0,0,0,Locked
28614509,90,Camouflage Cape,★★★★★,Thermoptic Camouflage Cape,5143189,NTW-20 Mod,0,0,0,-3,0,25%,0%,0,0,0,0%,0%,0%,0,10000,10,1,Locked
28622245,4,Optical,★★★★★,VFL 6-24X56,111534237,QBU-88,0,0,0,0,0,0%,47%,0,0,0,0%,0%,0%,0,10000,10,0,Locked
28625004,16,Night Equipment,★★★★★,PEQ-16A,157223252,DP-12,0,0,0,0,0,0%,0%,0,0,0,0%,0%,94%,0,0,0,0,Locked
28667071,169,Exclusive,★★★★★,Am RFB Quad Rail,-,-,0,0,0,0,0,18%,48%,0,0,0,0%,0%,0%,0,30000,10,6,Locked
28667072,168,Exclusive,★★★★★,Folding Stock,-,-,0,0,12,0,0,0%,12%,0,0,0,0%,0%,0%,0,1,0,0,Locked
28820638,158,Exclusive,★★★★★,Acceleration Coil,694706,Type88 Mod,5,0,0,0,0,0%,50%,0,0,0,0%,0%,0%,0,30000,10,10,Locked
29125034,201,Exclusive,★★★★★,Go-Bag "V",149216179,Agent Vector,-6,0,35,0,0,0%,0%,0,0,0,0%,0%,0%,0,10000,10,0,Locked
29125035,204,Exclusive,★★★★★,416's Go-Bag,150471266,Agent 416,0,0,12,0,0,0%,0%,0,0,0,0%,0%,0%,0,401,1,0,Locked
29127415,199,Exclusive,★★★★★,Osprey 45 Silencer,149216179,Agent Vector,0,0,10,0,0,0%,20%,0,0,0,0%,0%,0%,0,10000,10,0,Locked
29135606,72,Hollow-point,★★★★★,ILM Hollow-Point Ammo,-,-,10,0,0,0,0,0%,0%,-9,0,0,0%,0%,0%,0,10000,10,0,Locked
29227733,40,T-Exo,★★★★★,IOP T4 Exoskeleton,115496679,El Fail,-7,0,32,0,0,0%,0%,0,0,0,0%,0%,0%,0,10000,10,4,Locked
29241919,72,Hollow-point,★★★★★,ILM Hollow-Point Ammo,3088013,UMP9 Mod,15,0,0,0,0,0%,0%,-7,0,0,0%,0%,0%,0,10000,10,17,Locked
29256684,32,High-velocity,★★★★★,APCR High-Velocity Ammo,-,-,15,0,0,0,0,0%,0%,0,0,0,0%,0%,0%,0,10000,10,0,Locked
29264803,202,Exclusive,★★★★★,ACOG (4X),150471266,Agent 416,0,0,0,0,0,0%,48%,0,0,0,0%,0%,0%,0,10000,10,0,Locked
29295041,72,Hollow-point,★★★★★,ILM Hollow-Point Ammo,125465274,P22,15,0,0,0,0,0%,0%,-8,0,0,0%,0%,0%,0,10000,10,8,Locked
29310561,72,Hollow-point,★★★★★,ILM Hollow-Point Ammo,169580929,IDW,15,0,0,0,0,0%,0%,-7,0,0,0%,0%,0%,0,10000,10,4,Locked
29412713,101,Exclusive,★★★★★,XM261 ACP,109820999,M1911 Mod,17,0,0,0,0,0%,0%,-8,0,0,0%,0%,0%,0,30000,10,1,Locked
29577880,200,Exclusive,★★★★★,.45 Hollow Point Ammo (Incendiary),149216179,Agent Vector,15,0,0,0,0,0%,0%,-7,0,0,0%,0%,0%,0,10000,10,0,Locked
29577884,203,Exclusive,★★★★★,556 High-Velocity Ammo (Explosive),150471266,Agent 416,20,0,0,0,0,0%,0%,0,0,0,0%,0%,0%,0,10000,10,0,Locked
29717899,178,Exclusive,★★★★★,12.7mm 1SL,-,-,10,0,0,0,0,0%,0%,180,0,0,0%,0%,0%,0,30000,10,16,Locked
29861972,40,T-Exo,★★★★★,IOP T4 Exoskeleton,125467672,P22,-7,0,35,0,0,0%,0%,0,0,0,0%,0%,0%,0,10000,10,7,Locked
29861973,66,Suppressor,★★★★★,AC4 Suppressor,167083812,HP-35,0,0,9,0,0,0%,17%,0,0,0,0%,0%,0%,0,10000,10,0,Locked
29985159,159,Exclusive,★★★★★,Tactical Headwear,2232272,416 Mod,25,0,18,0,0,10%,0%,0,0,0,0%,0%,0%,0,30000,10,5,
29987833,40,T-Exo,★★★★★,IOP T4 Exoskeleton,100380880,M950A Mod,-8,0,35,0,0,0%,0%,0,0,0,0%,0%,0%,0,10000,10,7,Locked
29987834,66,Suppressor,★★★★★,AC4 Suppressor,103272103,Python,0,0,10,0,0,0%,20%,0,0,0,0%,0%,0%,0,10000,10,16,Locked
30146849,58,X-Exo,★★★★★,IOP X4 Exoskeleton,115248881,GSh-18 Mod,0,0,8,0,0,0%,0%,0,0,0,0%,0%,0%,0,0,0,0,Locked
30164320,122,Exclusive,★★★★★,SAA Long Barrel,4395238,SAA Mod,1,0,6,0,0,0%,13%,0,0,0,0%,0%,0%,0,1,0,0,Locked
30175358,40,T-Exo,★★★★★,IOP T4 Exoskeleton,114646961,El Clear,-8,0,35,0,0,0%,0%,0,0,0,0%,0%,0%,0,10000,10,3,Locked
30208058,68,Ammunition Box,★★★★★,IOP Maximum Ammo Box,-,-,0,0,-3,0,0,0%,0%,0,0,0,0%,0%,0%,5,10000,10,1,Locked
30255291,68,Ammunition Box,★★★★★,IOP Maximum Ammo Box,-,-,0,0,-2,0,0,0%,0%,0,0,0,0%,0%,0%,2,0,0,0,Locked
30317191,68,Ammunition Box,★★★★★,IOP Maximum Ammo Box,-,-,0,0,-2,0,0,0%,0%,0,0,0,0%,0%,0%,2,0,0,0,Locked
30366756,68,Ammunition Box,★★★★★,IOP Maximum Ammo Box,-,-,0,0,-2,0,0,0%,0%,0,0,0,0%,0%,0%,2,0,0,0,Locked
30455608,68,Ammunition Box,★★★★★,IOP Maximum Ammo Box,-,-,0,0,-2,0,0,0%,0%,0,0,0,0%,0%,0%,2,0,0,0,
30520390,20,Armor-piercing,★★★★★,Mk211 High-Explosive Armor-Piercing Ammo,-,-,0,0,0,0,0,0%,0%,111,0,0,0%,0%,0%,0,1,0,0,Locked
30646775,8,Holographic,★★★★★,EOT 518,-,-,7,10,0,0,-5,0%,0%,0,0,0,0%,0%,0%,0,10000,10,0,Locked
30658604,8,Holographic,★★★★★,EOT 518,-,-,4,7,0,0,-5,0%,0%,0,0,0,0%,0%,0%,0,0,0,0,Locked
30786432,8,Holographic,★★★★★,EOT 518,447896,PPS-43,8,12,0,0,-4,0%,0%,0,0,0,0%,0%,0%,0,10000,10,3,Locked
30844013,8,Holographic,★★★★★,EOT 518,118012554,PP-19,8,14,0,0,-4,0%,0%,0,0,0,0%,0%,0%,0,10000,10,6,Locked
30855550,4,Optical,★★★★★,VFL 6-24X56,136320082,Gepard M1,0,0,0,0,0,0%,42%,0,0,0,0%,0%,0%,0,10000,10,0,Locked
30869830,4,Optical,★★★★★,VFL 6-24X56,-,-,0,0,0,0,0,0%,20%,0,0,0,0%,0%,0%,0,0,0,0,
30883187,8,Holographic,★★★★★,EOT 518,-,-,6,11,0,0,-5,0%,0%,0,0,0,0%,0%,0%,0,10000,10,0,Locked
30949444,157,Exclusive,★★★★★,LED Weapon Light,1319898,Gr MP5 Mod,5,9,10,0,0,0%,0%,0,0,0,0%,0%,0%,0,1,0,0,Locked
31002860,66,Suppressor,★★★★★,AC4 Suppressor,142354497,Desert Eagle,0,0,10,0,0,0%,20%,0,0,0,0%,0%,0%,0,10000,10,5,Locked
31013535,12,Red Dot,★★★★★,ITI MARS,-,-,0,12,0,0,-3,0%,0%,0,0,0,0%,0%,0%,0,0,0,0,
31029047,66,Suppressor,★★★★★,AC4 Suppressor,-,-,0,0,6,0,0,0%,12%,0,0,0,0%,0%,0%,0,0,0,0,Locked
31055600,58,X-Exo,★★★★★,IOP X4 Exoskeleton,-,-,0,0,9,0,0,0%,0%,0,0,0,0%,0%,0%,0,0,0,0,
31111442,90,Camouflage Cape,★★★★★,Thermoptic Camouflage Cape,157862781,Gr SL8,0,0,0,-3,0,25%,0%,0,0,0,0%,0%,0%,0,10000,10,9,Locked
31128590,44,Armor Plate,★★★★★,Type 3 Armor Plate,-,-,0,0,-2,0,0,0%,0%,0,6,0,0%,0%,0%,0,0,0,0,
31163229,174,Exclusive,★★★★★,FRAG-12 High Explosive Rounds,-,-,15,20,0,0,0,0%,0%,0,0,0,0%,0%,0%,0,30000,10,0,Locked
31205636,8,Holographic,★★★★★,EOT 518,-,-,4,8,0,0,-5,0%,0%,0,0,0,0%,0%,0%,0,0,0,0,
31240563,4,Optical,★★★★★,VFL 6-24X56,-,-,0,0,0,0,0,0%,20%,0,0,0,0%,0%,0%,0,1,0,0,
31390696,44,Armor Plate,★★★★★,Type 3 Armor Plate,-,-,0,0,-2,0,0,0%,0%,0,6,0,0%,0%,0%,0,1,0,0,
31405088,155,Exclusive,★★★★★,PPK Suppressor,-,-,0,0,18,0,0,0%,30%,0,0,0,0%,0%,0%,0,30000,10,6,Locked
31405090,161,Exclusive,★★★★★,Advanced Infantry Sight,-,-,4,0,0,0,0,0%,36%,0,0,0,0%,0%,0%,0,10301,6,12,Locked
31433520,125,Exclusive,★★★★★,Additional Computing Module,8604019,UMP45 Mod,0,0,9,0,0,0%,19%,0,0,0,0%,0%,0%,0,6201,5,0,
31438750,8,Holographic,★★★★★,EOT 518,-,-,4,7,0,0,-5,0%,0%,0,0,0,0%,0%,0%,0,0,0,0,
31450344,8,Holographic,★★★★★,EOT 518,-,-,6,11,0,0,-5,0%,0%,0,0,0,0%,0%,0%,0,9900,9,0,Locked
31471206,12,Red Dot,★★★★★,ITI MARS,-,-,0,12,0,0,-2,0%,0%,0,0,0,0%,0%,0%,0,0,0,0,
31707543,4,Optical,★★★★★,VFL 6-24X56,-,-,0,0,0,0,0,0%,21%,0,0,0,0%,0%,0%,0,0,0,0,Locked
31743131,156,Exclusive,★★★★★,AMP COMPSP,3088013,UMP9 Mod,5,7,10,0,0,0%,0%,0,0,0,0%,0%,0%,0,1,0,0,
31856755,66,Suppressor,★★★★★,AC4 Suppressor,98638602,P90,0,0,10,0,0,0%,20%,0,0,0,0%,0%,0%,0,10000,10,6,
32017798,12,Red Dot,★★★★★,ITI MARS,-,-,0,13,0,0,-2,0%,0%,0,0,0,0%,0%,0%,0,0,0,0,
32037791,12,Red Dot,★★★★★,ITI MARS,-,-,0,12,0,0,-3,0%,0%,0,0,0,0%,0%,0%,0,0,0,0,
32048215,8,Holographic,★★★★★,EOT 518,-,-,4,8,0,0,-5,0%,0%,0,0,0,0%,0%,0%,0,0,0,0,
32126178,166,Exclusive,★★★★★,DO Reflex Sight,122319304,M38 Mod,7,15,0,0,-4,0%,0%,0,0,0,0%,0%,0%,0,30000,10,5,
32126184,130,Exclusive,★★★★★,Gr G36 Hybrid Sight,-,-,0,8,0,0,0,0%,48%,0,0,0,0%,0%,0%,0,30000,10,14,Locked
32169545,90,Camouflage Cape,★★★★★,Thermoptic Camouflage Cape,694706,Type88 Mod,0,0,0,-3,0,25%,0%,0,0,0,0%,0%,0%,0,10000,10,7,
32182083,40,T-Exo,★★★★★,IOP T4 Exoskeleton,-,-,-7,0,28,0,0,0%,0%,0,0,0,0%,0%,0%,0,10000,10,0,Locked
32224597,117,Exclusive,★★★★★,Glorylight,114646961,El Clear,0,0,0,0,0,0%,0%,0,0,0,0%,0%,100%,0,1,0,0,
32275497,20,Armor-piercing,★★★★★,Mk211 High-Explosive Armor-Piercing Ammo,-,-,0,0,0,0,0,0%,0%,114,0,0,0%,0%,0%,0,1,0,0,Locked
32610282,20,Armor-piercing,★★★★★,Mk211 High-Explosive Armor-Piercing Ammo,-,-,0,0,0,0,0,0%,0%,113,0,0,0%,0%,0%,0,1,0,0,Locked
32940662,66,Suppressor,★★★★★,AC4 Suppressor,-,-,0,0,6,0,0,0%,13%,0,0,0,0%,0%,0%,0,1,0,0,Locked
33020098,58,X-Exo,★★★★★,IOP X4 Exoskeleton,102704085,AK-12,0,0,8,0,0,0%,0%,0,0,0,0%,0%,0%,0,1,0,0,
33051944,134,Exclusive,★★★★★,MPL M21,-,-,10,31,0,0,-2,0%,0%,0,0,0,0%,0%,0%,0,30000,10,0,Locked
33055156,95,Hollow-point,★★★★★,16Lab Hollow-Point,-,-,10,0,0,0,0,0%,0%,-7,0,0,0%,0%,0%,0,1,0,0,Locked
33055158,110,High-velocity,★★★★★,16Lab High-Velocity Ammo,-,-,19,0,0,0,0,0%,0%,0,0,0,0%,0%,0%,0,8901,9,0,Locked
33217038,8,Holographic,★★★★★,EOT 518,-,-,4,8,0,0,-5,0%,0%,0,0,0,0%,0%,0%,0,0,0,0,
33293396,198,Exclusive,★★★★★,Wooden Grips,-,-,0,0,8,0,0,0%,17%,0,0,0,0%,0%,0%,0,1,0,0,Locked
33330707,221,Exclusive,★★★★★,Magnetic Accelerated Rounds,-,-,5,0,0,0,0,0%,0%,180,0,0,0%,0%,0%,0,30000,10,16,Locked
33372891,4,Optical,★★★★★,VFL 6-24X56,-,-,0,0,0,0,0,0%,20%,0,0,0,0%,0%,0%,0,0,0,0,Locked
33377733,4,Optical,★★★★★,VFL 6-24X56,-,-,0,0,0,0,0,0%,19%,0,0,0,0%,0%,0%,0,0,0,0,
33378714,12,Red Dot,★★★★★,ITI MARS,-,-,0,12,0,0,-2,0%,0%,0,0,0,0%,0%,0%,0,0,0,0,
33379264,12,Red Dot,★★★★★,ITI MARS,-,-,0,12,0,0,-3,0%,0%,0,0,0,0%,0%,0%,0,0,0,0,
33379608,4,Optical,★★★★★,VFL 6-24X56,-,-,0,0,0,0,0,0%,19%,0,0,0,0%,0%,0%,0,0,0,0,
33381609,8,Holographic,★★★★★,EOT 518,-,-,5,9,0,0,-5,0%,0%,0,0,0,0%,0%,0%,0,0,0,0,Locked
33386411,12,Red Dot,★★★★★,ITI MARS,-,-,0,11,0,0,-3,0%,0%,0,0,0,0%,0%,0%,0,0,0,0,
33389891,4,Optical,★★★★★,VFL 6-24X56,-,-,0,0,0,0,0,0%,21%,0,0,0,0%,0%,0%,0,0,0,0,
33415868,171,Exclusive,★★★★★,Tactical Thunderbolt Ahoge,98918176,Stechkin Mod,0,0,9,0,0,0%,13%,0,0,0,0%,0%,0%,0,1,0,0,
33479488,4,Optical,★★★★★,VFL 6-24X56,-,-,0,0,0,0,0,0%,21%,0,0,0,0%,0%,0%,0,0,0,0,
33531284,12,Red Dot,★★★★★,ITI MARS,-,-,0,12,0,0,-2,0%,0%,0,0,0,0%,0%,0%,0,0,0,0,
33540420,64,Suppressor,★★★,AC2 Suppressor,-,-,0,0,3,0,0,0%,7%,0,0,0,0%,0%,0%,0,0,0,0,
33553258,64,Suppressor,★★★,AC2 Suppressor,-,-,0,0,3,0,0,0%,6%,0,0,0,0%,0%,0%,0,0,0,0,
33553262,64,Suppressor,★★★,AC2 Suppressor,-,-,0,0,3,0,0,0%,6%,0,0,0,0%,0%,0%,0,0,0,0,
33554052,12,Red Dot,★★★★★,ITI MARS,-,-,0,12,0,0,-3,0%,0%,0,0,0,0%,0%,0%,0,0,0,0,
33563983,88,Camouflage Cape,★★★,Camouflage Cape,-,-,0,0,0,-3,0,5%,0%,0,0,0,0%,0%,0%,0,0,0,0,
33575942,42,Armor Plate,★★★,Type 1 Armor Plate,-,-,0,0,-1,0,0,0%,0%,0,3,0,0%,0%,0%,0,0,0,0,
33575943,42,Armor Plate,★★★,Type 1 Armor Plate,-,-,0,0,-1,0,0,0%,0%,0,3,0,0%,0%,0%,0,0,0,0,
33587023,42,Armor Plate,★★★,Type 1 Armor Plate,-,-,0,0,-1,0,0,0%,0%,0,3,0,0%,0%,0%,0,0,0,0,
33587027,10,Red Dot,★★★,AMP COMPM4,-,-,0,4,0,0,-1,0%,0%,0,0,0,0%,0%,0%,0,0,0,0,
33596775,56,X-Exo,★★★,IOP X2 Exoskeleton,-,-,0,0,4,0,0,0%,0%,0,0,0,0%,0%,0%,0,0,0,0,
33598996,12,Red Dot,★★★★★,ITI MARS,-,-,0,12,0,0,-2,0%,0%,0,0,0,0%,0%,0%,0,0,0,0,
33598997,88,Camouflage Cape,★★★,Camouflage Cape,-,-,0,0,0,-3,0,5%,0%,0,0,0,0%,0%,0%,0,0,0,0,
33598999,38,T-Exo,★★★,IOP T2 Exoskeleton,-,-,-3,0,10,0,0,0%,0%,0,0,0,0%,0%,0%,0,0,0,0,
33599000,64,Suppressor,★★★,AC2 Suppressor,-,-,0,0,3,0,0,0%,6%,0,0,0,0%,0%,0%,0,0,0,0,
33599001,64,Suppressor,★★★,AC2 Suppressor,-,-,0,0,3,0,0,0%,7%,0,0,0,0%,0%,0%,0,0,0,0,
33599002,12,Red Dot,★★★★★,ITI MARS,-,-,0,12,0,0,-2,0%,0%,0,0,0,0%,0%,0%,0,0,0,0,
33599003,56,X-Exo,★★★,IOP X2 Exoskeleton,-,-,0,0,4,0,0,0%,0%,0,0,0,0%,0%,0%,0,0,0,0,
33599897,5,Holographic,★★,EOT 506,-,-,1,1,0,0,-1,0%,0%,0,0,0,0%,0%,0%,0,0,0,0,
33599898,38,T-Exo,★★★,IOP T2 Exoskeleton,-,-,-3,0,10,0,0,0%,0%,0,0,0,0%,0%,0%,0,0,0,0,
33599899,42,Armor Plate,★★★,Type 1 Armor Plate,-,-,0,0,-1,0,0,0%,0%,0,3,0,0%,0%,0%,0,0,0,0,
33599900,10,Red Dot,★★★,AMP COMPM4,-,-,0,4,0,0,-1,0%,0%,0,0,0,0%,0%,0%,0,0,0,0,
33599901,56,X-Exo,★★★,IOP X2 Exoskeleton,-,-,0,0,4,0,0,0%,0%,0,0,0,0%,0%,0%,0,0,0,0,
33599902,10,Red Dot,★★★,AMP COMPM4,-,-,0,4,0,0,-1,0%,0%,0,0,0,0%,0%,0%,0,0,0,0,
33600844,6,Holographic,★★★,EOT 512,-,-,1,2,0,0,-2,0%,0%,0,0,0,0%,0%,0%,0,0,0,0,
33600845,10,Red Dot,★★★,AMP COMPM4,-,-,0,4,0,0,-1,0%,0%,0,0,0,0%,0%,0%,0,0,0,0,
33620413,14,Night Equipment,★★★,PEQ-5,-,-,0,0,0,0,0,0%,0%,0,0,0,0%,0%,62%,0,0,0,0,
33620414,5,Holographic,★★,EOT 506,-,-,1,1,0,0,-1,0%,0%,0,0,0,0%,0%,0%,0,0,0,0,
33620415,1,Optical,★★,BM 3-12X40,-,-,0,0,0,0,0,0%,5%,0,0,0,0%,0%,0%,0,0,0,0,
33620416,42,Armor Plate,★★★,Type 1 Armor Plate,-,-,0,0,-1,0,0,0%,0%,0,3,0,0%,0%,0%,0,0,0,0,
33620418,42,Armor Plate,★★★,Type 1 Armor Plate,-,-,0,0,-1,0,0,0%,0%,0,3,0,0%,0%,0%,0,0,0,0,
33620419,6,Holographic,★★★,EOT 512,-,-,1,2,0,0,-2,0%,0%,0,0,0,0%,0%,0%,0,0,0,0,
33620420,65,Suppressor,★★★★,AC3 Suppressor,-,-,0,0,4,0,0,0%,9%,0,0,0,0%,0%,0%,0,0,0,0,
33620421,39,T-Exo,★★★★,IOP T3 Exoskeleton,-,-,-5,0,14,0,0,0%,0%,0,0,0,0%,0%,0%,0,0,0,0,
33620423,43,Armor Plate,★★★★,Type 2 Armor Plate,-,-,0,0,-1,0,0,0%,0%,0,4,0,0%,0%,0%,0,0,0,0,
33620425,2,Optical,★★★,LRA 2-12x50,-,-,0,0,0,0,0,0%,10%,0,0,0,0%,0%,0%,0,0,0,0,
